2023-02-22,67.43,67.55,67.43,67.49,67.49,26044,0.0000,1.0
2023-02-21,67.54,67.54,67.33,67.36,67.36,38680,0.0000,1.0
2023-02-17,67.69,67.93,67.64,67.93,67.93,23915,0.0000,1.0
2023-02-16,67.83,67.87,67.6901,67.72,67.72,16191,0.0000,1.0
2023-02-15,67.94,68.05,67.86,67.89,67.89,24397,0.0000,1.0
2023-02-14,68.21,68.2646,67.95,68.12,68.12,53512,0.0000,1.0
2023-02-13,68.21,68.33,68.17,68.33,68.33,40878,0.0000,1.0
2023-02-10,68.39,68.39,68.13,68.13,68.13,27054,0.0000,1.0
2023-02-09,68.7,68.79,68.3474,68.41,68.41,24263,0.0000,1.0
2023-02-08,68.53,68.62,68.415,68.62,68.62,34190,0.0000,1.0
2023-02-07,68.49,68.65,68.41,68.44,68.44,51028,0.0000,1.0
2023-02-06,68.57,68.7,68.57,68.61,68.61,43785,0.0000,1.0
2023-02-03,68.98,69.08,68.91,68.98,68.98,44311,0.0000,1.0
2023-02-02,69.47,69.64,69.4,69.43,69.43,118389,0.0000,1.0
2023-02-01,68.87,69.16,68.74,69.1,69.1,56319,0.1282,1.0
2023-01-31,68.81,68.94,68.68,68.94,68.8123337021618,52394,0.0000,1.0
2023-01-30,68.78,68.83,68.65,68.71,68.5827596268573,50427,0.0000,1.0
2023-01-27,68.83,68.932,68.78,68.88,68.7524448129519,18707,0.0000,1.0
2023-01-26,69.16,69.16,68.92,69.06,68.9321114805816,31061,0.0000,1.0
2023-01-25,69.2,69.22,69.03,69.2,69.0718522220713,28758,0.0000,1.0
2023-01-24,68.9,69.1299,68.85,69.0854,68.9574644436805,19259,0.0000,1.0
2023-01-23,68.83,68.892,68.75,68.8,68.6725929606721,57675,0.0000,1.0
2023-01-20,69.06,69.06,68.882,68.9797,68.8519601838557,27804,0.0000,1.0
2023-01-19,69.2,69.3259,69.19,69.32,69.1916300004911,88526,0.0000,1.0
2023-01-18,69.42,69.54,69.26,69.43,69.3014262973759,123156,0.0000,1.0
2023-01-17,68.75,68.92,68.69,68.88,68.7524448129519,103264,0.0000,1.0
2023-01-13,68.93,68.975,68.7678,68.78,68.6526299976021,36206,0.0000,1.0
2023-01-12,68.83,69.02,68.61,69.0,68.8722225913717,48688,0.0000,1.0
2023-01-11,68.4,68.617,68.4,68.61,68.4829448115074,32343,0.0000,1.0
2023-01-10,68.16,68.21,68.02,68.21,68.0836855501082,129426,0.0000,1.0
2023-01-09,68.23,68.49,68.15,68.36,68.2334077731329,73078,0.0000,1.0
2023-01-06,67.79,68.36,67.79,68.33,68.203463328528,65279,0.0000,1.0
2023-01-05,67.64,67.79,67.565,67.73,67.6045744364291,39712,0.0000,1.0
2023-01-04,67.79,67.89,67.74,67.88,67.7542966594538,49819,0.0000,1.0
2023-01-03,67.59,67.67,67.415,67.47,67.3450559165196,51757,0.0000,1.0
2022-12-30,67.12,67.16,67.01,67.05,66.9258336920503,161671,0.0000,1.0
2022-12-29,67.23,67.35,67.16,67.34,67.2152966565648,62674,0.0000,1.0
2022-12-28,67.16,67.25,67.114,67.16,67.0356299889351,46155,0.0000,1.0
2022-12-27,67.18,67.3,67.13,67.2,67.0755559150751,45223,0.0000,1.0
2022-12-23,67.6,67.67,67.53,67.6,67.4748151764743,55602,0.2277,1.0
2022-12-22,68.03,68.0307,67.9311,67.9702,67.6165737966641,34377,0.0000,1.0
2022-12-21,68.1,68.185,67.97,68.0341,67.6801413463492,140340,0.0000,1.0
2022-12-20,68.07,68.08,67.9201,67.9786,67.6249300942753,46216,0.0000,1.0
2022-12-19,68.44,68.55,68.38,68.43,68.0739816111432,188322,0.0000,1.0
2022-12-16,68.6,68.8484,68.57,68.79,68.4321086516227,62276,0.0000,1.0
2022-12-15,68.94,68.98,68.82,68.89,68.5315883850892,42660,0.0000,1.0
2022-12-14,68.98,69.1364,68.855,69.07,68.710651905329,82289,0.0000,1.0
2022-12-13,69.4,69.4,68.9808,69.07,68.710651905329,101819,0.0000,1.0
2022-12-12,69.08,69.08,68.73,68.8,68.4420566249694,118008,0.0000,1.0
2022-12-09,69.02,69.02,68.76,68.8243,68.4662302002017,31241,0.0000,1.0
2022-12-08,69.09,69.26,69.0834,69.155,68.7952096787755,83727,0.0000,1.0
2022-12-07,69.11,69.4,69.11,69.38,69.0190390790752,69549,0.0000,1.0
2022-12-06,68.94,69.0,68.85,68.9577,68.5989361646461,71723,0.0000,1.0
2022-12-05,68.87,68.88,68.6313,68.76,68.4022647315827,62713,0.0000,1.0
2022-12-02,68.82,69.13,68.66,69.13,68.7703397454089,48745,0.0000,1.0
2022-12-01,68.57,68.96,68.57,68.96,68.6012241985158,68535,0.1221,1.0
2022-11-30,68.2,68.59,68.0794,68.59,68.1125496731599,37971,0.0000,1.0
2022-11-29,68.22,68.33,68.18,68.26,67.7848467807245,69265,0.0000,1.0
2022-11-28,68.41,68.41,68.2,68.2822,67.8068922480338,121596,0.0000,1.0
2022-11-25,68.38,68.44,68.281,68.4079,67.9317172588796,10674,0.0000,1.0
2022-11-23,68.25,68.4266,68.205,68.405,67.9288374455825,19038,0.0000,1.0
2022-11-22,67.86,68.06,67.8563,68.025,67.5514825997478,42684,0.0000,1.0
2022-11-21,67.89,67.9462,67.72,67.76,67.2883272467315,52417,0.0000,1.0
2022-11-18,67.91,67.9481,67.76,67.76,67.2883272467315,25596,0.0000,1.0
2022-11-17,67.86,67.89,67.73,67.885,67.4124571302298,25949,0.0000,1.0
2022-11-16,67.97,68.17,67.91,68.11,67.6358909205266,90449,0.0000,1.0
2022-11-15,67.66,67.74,67.561,67.73,67.2585360746919,95418,0.0000,1.0
2022-11-14,67.49,67.49,67.267,67.3,66.8315292754579,56806,0.0000,1.0
2022-11-11,67.41,67.49,67.305,67.4401,66.9706540488828,22099,0.0000,1.0
2022-11-10,67.16,67.65,67.16,67.625,67.1542669725534,52858,0.0000,1.0
2022-11-09,66.24,66.524,66.24,66.4801,66.0173365436162,16580,0.0000,1.0
2022-11-08,66.12,66.34,66.05,66.2889,65.8274674738173,61264,0.0000,1.0
2022-11-07,66.3,66.3,66.01,66.01,65.550508877756,44529,0.0000,1.0
2022-11-04,66.32,66.4011,66.175,66.22,65.7590470820331,26637,0.0000,1.0
2022-11-03,66.11,66.3299,66.0716,66.28,65.8186294261122,46618,0.0000,1.0
2022-11-02,66.59,66.795,66.39,66.4653,66.00263956541,14863,0.0000,1.0
2022-11-01,66.85,66.85,66.5,66.59,66.1264715371879,23783,0.1171,1.0
2022-10-31,66.56,66.7,66.45,66.5444,65.9651877020474,36606,0.0000,1.0
2022-10-28,66.63,66.86,66.63,66.7503,66.1692955179996,42789,0.0000,1.0
2022-10-27,66.82,67.0313,66.7634,66.97,66.3870832167112,45075,0.0000,1.0
2022-10-26,66.43,66.62,66.36,66.5359,65.9567616873043,36006,0.0000,1.0
2022-10-25,66.19,66.42,66.19,66.35,65.7724797883946,37056,0.0000,1.0
2022-10-24,65.68,65.8975,65.64,65.745,65.1727457978599,51296,0.0000,1.0
2022-10-21,65.42,65.68,65.26,65.66,65.0884856504294,28006,0.0000,1.0
2022-10-20,65.76,65.93,65.5225,65.5269,64.9565441725117,48276,0.0000,1.0
2022-10-19,66.04,66.1,65.8337,65.89,65.3164836964178,31887,0.0000,1.0
2022-10-18,66.33,66.37,66.11,66.32,65.7427409128309,24844,0.0000,1.0
2022-10-17,66.42,66.42,66.12,66.17,65.5940465350124,53818,0.0000,1.0
2022-10-14,66.45,66.5,65.94,65.9899,65.4155141520449,92501,0.0000,1.0
2022-10-13,65.86,66.44,65.76,66.28,65.7030890787459,34211,0.0000,1.0
2022-10-12,66.14,66.38,66.09,66.3194,65.7421461353196,28546,0.0000,1.0
2022-10-11,66.31,66.49,66.2,66.26,65.6832631617035,28349,0.0000,1.0
2022-10-10,66.49,66.5192,66.2,66.33,65.7526538713521,34675,0.0000,1.0
2022-10-07,66.72,66.7414,66.58,66.6,66.0203037514255,25633,0.0000,1.0
2022-10-06,67.2,67.2,67.0,67.04,66.4564739263598,43969,0.0000,1.0
2022-10-05,67.34,67.34,67.045,67.17,66.5853423871359,47476,0.0000,1.0
2022-10-04,67.68,67.819,67.58,67.65,67.0611643961551,29361,0.0000,1.0
2022-10-03,67.41,67.69,67.3,67.48,66.8926441012942,49736,0.1103,1.0
2022-09-30,67.17,67.33,66.905,66.97,66.2787467353107,26208,0.0000,1.0
2022-09-29,66.99,67.0755,66.8666,66.98,66.2886435169645,45045,0.0000,1.0
2022-09-28,66.97,67.36,66.91,67.36,66.6647212198078,93711,0.0000,1.0
2022-09-27,66.75,66.85,66.36,66.449,65.7631244111491,55269,0.0000,1.0
2022-09-26,67.34,67.34,66.71,66.71,66.0214304123126,64370,0.0000,1.0
2022-09-23,67.8,67.81,67.4562,67.55,66.8527600712294,63965,0.0000,1.0
2022-09-22,68.0,68.0,67.76,67.83,67.1298699575351,22604,0.0000,1.0
2022-09-21,68.19,68.3699,68.0,68.27,67.565328350301,32488,0.0000,1.0
2022-09-20,68.18,68.27,68.0861,68.13,67.4267734071482,113610,0.0000,1.0
2022-09-19,68.5,68.57,68.4101,68.5028,67.7957254272008,36401,0.0000,1.0
2022-09-16,68.56,68.64,68.4715,68.64,67.9315092714906,19128,0.0000,1.0
2022-09-15,68.75,68.7795,68.57,68.59,67.8820253632217,40105,0.0000,1.0
2022-09-14,68.65,68.94,68.65,68.83,68.1195481229122,44989,0.0000,1.0
2022-09-13,68.71,68.75,68.65,68.7097,68.0004898396174,44654,0.0000,1.0
2022-09-12,69.09,69.1985,68.91,68.98,68.2679998477188,30715,0.0000,1.0
2022-09-09,68.95,69.08,68.86,68.88,68.1690320311811,23445,0.0000,1.0
2022-09-08,69.15,69.2,68.94,68.98,68.2679998477188,30403,0.0000,1.0
2022-09-07,69.17,69.32,69.12,69.32,68.6044904239471,28123,0.0000,1.0
2022-09-06,69.22,69.22,68.92,68.959,68.2472166062459,106329,0.0000,1.0
2022-09-02,69.46,69.53,69.405,69.49,68.7727357120612,20059,0.0000,1.0
2022-09-01,69.09,69.228,68.995,69.2073,68.4929536947091,15919,0.1094,1.0
2022-08-31,69.84,69.844,69.56,69.56,68.7333623643936,20009,0.0000,1.0
2022-08-30,69.83,70.0068,69.72,69.885,69.054500127022,12852,0.0000,1.0
2022-08-29,70.0,70.0,69.785,69.8,68.9705102506422,18633,0.0000,1.0
2022-08-26,70.29,70.33,70.17,70.22,69.3855190515773,22043,0.0000,1.0
2022-08-25,70.1,70.46,70.1,70.415,69.5782017091544,54510,0.0000,1.0
2022-08-24,70.06,70.076,69.97,70.0,69.1681334891828,14827,0.0000,1.0
2022-08-23,70.26,70.45,70.14,70.252,69.4171387697438,20318,0.0000,1.0
2022-08-22,70.51,70.51,70.3,70.31,69.4744495089206,26444,0.0000,1.0
2022-08-19,70.62,70.69,70.51,70.62,69.7807655286584,23235,0.0000,1.0
2022-08-18,71.2,71.2712,71.08,71.15,70.3044671107908,22086,0.0000,1.0
2022-08-17,71.21,71.23,71.06,71.09,70.2451801392286,190983,0.0000,1.0
2022-08-16,71.56,71.5799,71.32,71.52,70.6700701020907,29250,0.0000,1.0
2022-08-15,71.81,71.8283,71.71,71.76,70.9072179883394,24784,0.0000,1.0
2022-08-12,71.5,71.55,71.35,71.5162,70.6663152605585,69754,0.0000,1.0
2022-08-11,71.8,71.8399,71.272,71.2801,70.4330210274614,21767,0.0000,1.0
2022-08-10,71.7,71.93,71.618,71.7,70.8479310167772,27259,0.0000,1.0
2022-08-09,71.53,71.57,71.43,71.53,70.6799512640178,16561,0.0000,1.0
2022-08-08,71.71,71.739,71.6,71.63,70.778762883288,46425,0.0000,1.0
2022-08-05,71.57,71.57,71.34,71.5,70.6503077782367,29917,0.0000,1.0
2022-08-04,71.96,72.15,71.925,72.15,71.2925833034934,37793,0.0000,1.0
2022-08-03,71.56,71.89,71.3628,71.89,71.0356730933907,53712,0.0000,1.0
2022-08-02,72.14,72.28,71.58,71.62,70.768881721361,39994,0.0000,1.0
2022-08-01,72.02,72.2192,71.995,72.19,71.3321079512015,74015,0.1073,1.0
2022-07-29,71.83,72.1,71.83,72.025,71.0634432431818,36105,0.0000,1.0
2022-07-28,71.8,71.96,71.8,71.9,70.9401120331103,22519,0.0000,1.0
2022-07-27,71.39,71.5103,71.28,71.39,70.4369206960187,50794,0.0000,1.0
2022-07-26,71.52,71.52,71.24,71.29,70.3382557279615,23286,0.0000,1.0
2022-07-25,71.14,71.23,71.0705,71.17,70.2198577662929,42363,0.0000,1.0
2022-07-22,71.2,71.45,71.2,71.25,70.2987897407387,30152,0.0000,1.0
2022-07-21,70.4,70.75,70.4,70.7121,69.7680708775591,43451,0.0000,1.0
2022-07-20,70.46,70.5087,70.2994,70.31,69.3713390410012,35744,0.0000,1.0
2022-07-19,70.47,70.47,70.28,70.37,69.4305380218355,26259,0.0000,1.0
2022-07-18,70.49,70.49,70.321,70.45,69.5094699962813,104432,0.0000,1.0
2022-07-15,70.47,70.75,70.47,70.65,69.7067999323956,34784,0.0000,1.0
2022-07-14,70.3,70.56,70.19,70.51,69.5686689771156,27323,0.0000,1.0
2022-07-13,70.04,70.62,70.04,70.62,69.6772004419785,33184,0.0000,1.0
2022-07-12,70.49,70.608,70.39,70.39,69.4502710154469,27215,0.0000,1.0
2022-07-11,70.15,70.35,70.15,70.27,69.3318730537783,29660,0.0000,1.0
2022-07-08,70.12,70.12,69.92,69.99,69.0556111432182,23198,0.0000,1.0
2022-07-07,70.33,70.33,70.06,70.15,69.2134750921097,34212,0.0000,1.0
2022-07-06,70.77,70.85,70.26,70.26,69.3220065569726,42333,0.0000,1.0
2022-07-05,70.58,70.65,70.455,70.53,69.588401970727,40892,0.0000,1.0
2022-07-01,70.39,70.75,70.39,70.58,69.6377344547556,45905,0.1010,1.0
2022-06-30,70.06,70.25,70.015,70.16,69.1244245178429,253792,0.0000,1.0
2022-06-29,69.3,69.79,69.3,69.72,68.6909190049031,71910,0.0000,1.0
2022-06-28,69.2,69.32,69.1595,69.32,68.2968230840488,20484,0.0000,1.0
2022-06-27,69.34,69.538,69.3,69.3567,68.3329813847872,615678,0.0000,1.0
2022-06-24,69.68,69.79,69.62,69.64,68.6120998207323,32958,0.0000,1.0
2022-06-23,69.78,70.0,69.74,69.81,68.7795905870954,60794,0.0000,1.0
2022-06-22,69.35,69.41,69.2008,69.32,68.2968230840488,43593,0.0000,1.0
2022-06-21,68.92,68.955,68.7632,68.85,67.833760377045,48777,0.0000,1.0
2022-06-17,69.24,69.33,68.96,69.24,68.218003899878,90092,0.0000,1.0
2022-06-16,68.55,69.03,68.43,69.0,67.9815463473654,53641,0.0000,1.0
2022-06-15,69.08,69.23,68.73,69.19,68.1687419097712,123590,0.0000,1.0
2022-06-14,68.78,68.9298,68.2704,68.33,67.3214356799345,42174,0.0000,1.0
2022-06-13,69.15,69.1587,68.4701,68.65,67.6367124166179,87867,0.0000,1.0
2022-06-10,70.02,70.03,69.7,69.74,68.7106238009458,48602,0.0000,1.0
2022-06-09,70.28,70.365,70.16,70.19,69.1539817119069,31415,0.0000,1.0
2022-06-08,70.61,70.65,70.45,70.49,69.4495536525476,42786,0.0000,1.0
2022-06-07,70.64,70.8799,70.64,70.73,69.6860112050602,34842,0.0000,1.0
2022-06-06,70.88,70.88,70.36,70.53,69.4889632446331,117232,0.0000,1.0
2022-06-03,70.87,70.93,70.82,70.89,69.8436495734019,79018,0.0000,1.0
2022-06-02,71.13,71.13,70.905,71.02,69.9717307476796,49084,0.0000,1.0
2022-06-01,71.39,71.39,71.0165,71.11,70.0604023298718,54956,0.0998,1.0
2022-05-31,71.46,71.46,71.31,71.39,70.2376937209422,180048,0.0000,1.0
2022-05-27,71.96,71.968,71.845,71.94,70.7788161687152,31819,0.0000,1.0
2022-05-26,71.85,71.9,71.659,71.77,70.6115601394036,124036,0.0000,1.0
2022-05-25,71.85,71.87,71.7,71.87,70.7099460389987,58177,0.0000,1.0
2022-05-24,71.37,71.7003,71.37,71.61,70.4541427000514,37099,0.0000,1.0
2022-05-23,71.4,71.49,71.2,71.26,70.1097920514686,61494,0.0000,1.0
2022-05-20,71.38,71.52,71.37,71.5,70.3459182104968,62047,0.0000,1.0
2022-05-19,71.57,71.6575,71.23,71.37,70.2180165410232,673022,0.0000,1.0
2022-05-18,71.03,71.313,71.02,71.24,70.0901148715495,80767,0.0000,1.0
2022-05-17,71.12,71.15,71.03,71.06,69.9130202522784,28584,0.0000,1.0
2022-05-16,71.44,71.57,71.395,71.49,70.3360796205373,25866,0.0000,1.0
2022-05-13,71.53,71.53,71.33,71.4,70.2475323109017,43459,0.0000,1.0
2022-05-12,71.54,71.73,71.54,71.65,70.4934970598894,73020,0.0000,1.0
2022-05-11,70.89,71.38,70.89,71.37,70.2180165410232,39419,0.0000,1.0
2022-05-10,71.2,71.275,71.1,71.18,70.0310833317925,26751,0.0000,1.0
2022-05-09,70.62,70.879,70.62,70.85,69.7064098631286,52361,0.0000,1.0
2022-05-06,70.77,70.8899,70.59,70.65,69.5096380639384,107963,0.0000,1.0
2022-05-05,71.32,71.32,70.78,71.0,69.8539887125213,196959,0.0000,1.0
2022-05-04,71.12,71.5261,71.071,71.48,70.3262410305778,111516,0.0000,1.0
2022-05-03,71.36,71.45,71.188,71.26,70.1097920514686,38063,0.0000,1.0
2022-05-02,71.21,71.21,70.96,71.07,69.9228588422379,189013,0.0902,1.0
2022-04-29,71.65,71.7842,71.41,71.42,70.1781414120903,152424,0.0000,1.0
2022-04-28,71.89,71.89,71.7507,71.87,70.6203167640287,48984,0.0000,1.0
2022-04-27,72.16,72.211,71.91,71.91,70.6596212397566,194233,0.0000,1.0
2022-04-26,72.2,72.3094,72.12,72.15,70.8954480941237,64717,0.0000,1.0
2022-04-25,71.92,72.1899,71.92,72.07,70.816839142668,57070,0.0000,1.0
2022-04-22,71.62,71.77,71.558,71.6,70.3550115528657,55259,0.0000,1.0
2022-04-21,72.01,72.01,71.62,71.75,70.5024033368451,69698,0.0000,1.0
2022-04-20,72.01,72.15,71.97,72.03,70.7775346669401,41701,0.0000,1.0
2022-04-19,71.92,72.0,71.78,71.78,70.531881693641,75479,0.0000,1.0
2022-04-18,72.2,72.29,72.04,72.06,70.807013023736,92727,0.0000,1.0
2022-04-14,72.66,72.66,72.18,72.19,70.9347525698516,84489,0.0000,1.0
2022-04-13,72.57,72.785,72.56,72.56,71.2983189703343,55467,0.0000,1.0
2022-04-12,72.55,72.68,72.5,72.5,71.2393622567425,42398,0.0000,1.0
2022-04-11,72.5,72.5,72.28,72.29,71.0330137591712,50466,0.0000,1.0
2022-04-08,72.72,72.84,72.66,72.68,71.4162323975178,60604,0.0000,1.0
2022-04-07,72.94,73.02,72.8901,72.97,71.7011898465448,51923,0.0000,1.0
2022-04-06,73.02,73.2448,72.9105,73.15,71.8780599873202,72713,0.0000,1.0
2022-04-05,73.71,73.71,73.26,73.28,72.0057995334357,76053,0.0000,1.0
2022-04-04,73.97,73.9908,73.84,73.94,72.6543233829453,73436,0.0000,1.0
2022-04-01,73.63,73.98,73.63,73.83,72.5462360746937,33037,0.0910,1.0
2022-03-31,74.11,74.21,74.02,74.1254,72.7468346955683,39657,0.0000,1.0
2022-03-30,73.62,73.88,73.5801,73.88,72.5059985822483,64955,0.0000,1.0
2022-03-29,73.68,73.82,73.5827,73.81,72.4373004244145,74533,0.0000,1.0
2022-03-28,73.55,73.7493,73.54,73.64,72.270462041104,60544,0.0000,1.0
2022-03-25,73.9,73.9,73.551,73.61,72.241019973461,92541,0.0000,1.0
2022-03-24,73.99,74.12,73.9399,74.0742,72.6965869001242,86363,0.0000,1.0
2022-03-23,74.04,74.1799,73.917,74.125,72.7464421346664,77403,0.0000,1.0
2022-03-22,74.0,74.029,73.91,73.91,72.5354406498913,22672,0.0000,1.0
2022-03-21,74.41,74.41,74.13,74.14,72.7611631684879,43768,0.0000,1.0
2022-03-18,74.55,74.83,74.55,74.66,73.2714923409672,116198,0.0000,1.0
2022-03-17,74.56,74.93,74.505,74.57,73.1831661380381,262280,0.0000,1.0
2022-03-16,74.4,74.45,74.138,74.42,73.0359557998229,60094,0.0000,1.0
2022-03-15,74.47,74.57,74.34,74.44,73.0555838449183,46852,0.0000,1.0
2022-03-14,74.51,74.5882,74.25,74.25,72.8691174165124,54325,0.0000,1.0
2022-03-11,74.8,74.99,74.8,74.89,73.4972148595638,66584,0.0000,1.0
2022-03-10,75.0,75.0,74.778,74.85,73.4579587693731,125673,0.0000,1.0
2022-03-09,75.33,75.33,75.17,75.23,73.8308916261849,45830,0.0000,1.0
2022-03-08,75.59,75.6088,75.45,75.47,74.0664281673291,80355,0.0000,1.0
2022-03-07,76.12,76.12,75.87,75.89,74.4786171143316,71112,0.0000,1.0
2022-03-04,76.24,76.47,76.24,76.32,74.9006200838818,31554,0.0000,1.0
2022-03-03,75.85,75.96,75.7279,75.935,74.5227802157962,39436,0.0000,1.0
2022-03-02,76.33,76.33,75.9,75.94,74.52768722707,30203,0.0000,1.0
2022-03-01,76.3,76.7477,76.3,76.64,75.2146688054075,51872,0.0838,1.0
2022-02-28,75.75,76.0999,75.75,76.09,74.5933354370281,47395,0.0000,1.0
2022-02-25,75.58,75.58,75.44,75.55,74.0639570543761,24435,0.0000,1.0
2022-02-24,75.65,75.7248,75.5,75.5512,74.065133450782,68549,0.0000,1.0
2022-02-23,75.59,75.59,75.4672,75.475,73.9904322790077,26994,0.0000,1.0
2022-02-22,75.62,75.69,75.56,75.65,74.1619900882005,48795,0.0000,1.0
2022-02-18,75.83,75.89,75.76,75.85,74.3580561558494,24310,0.0000,1.0
2022-02-17,75.6,75.73,75.58,75.72,74.2306132118777,38404,0.0000,1.0
2022-02-16,75.58,75.58,75.391,75.49,74.0051372340814,64824,0.0000,1.0
2022-02-15,75.45,75.4699,75.38,75.4034,73.9202406267894,27510,0.0000,1.0
2022-02-14,75.54,75.64,75.37,75.46,73.9757273239341,90428,0.0000,1.0
2022-02-11,75.7,75.9303,75.412,75.9,74.4070726727617,36756,0.0000,1.0
2022-02-10,75.84,75.85,75.5064,75.52,74.0345471442287,48546,0.0000,1.0
2022-02-09,76.08,76.23,76.08,76.08,74.5835321336457,31154,0.0000,1.0
2022-02-08,76.03,76.05,75.911,76.01,74.5149090099686,30501,0.0000,1.0
2022-02-07,76.18,76.24,76.075,76.23,74.7305816843824,43114,0.0000,1.0
2022-02-04,76.39,76.39,76.21,76.26,74.7599915945297,71309,0.0000,1.0
2022-02-03,76.73,76.73,76.6402,76.68,75.1717303365924,35963,0.0000,1.0
2022-02-02,76.98,77.18,76.98,77.05,75.5344525617429,39440,0.0000,1.0
2022-02-01,77.09,77.09,76.88,76.94,75.426616224536,79840,0.0959,1.0
2022-01-31,77.11,77.1894,77.04,77.09,75.4795860728502,97055,0.0000,1.0
2022-01-28,77.14,77.34,77.0814,77.315,75.69988581168,55598,0.0000,1.0
2022-01-27,77.15,77.3199,77.15,77.2184,75.6053037904758,44201,0.0000,1.0
2022-01-26,77.4,77.41,77.034,77.04,75.4306305753325,45254,0.0000,1.0
2022-01-25,77.45,77.54,77.36,77.36,75.743945759446,36282,0.0000,1.0
2022-01-24,77.56,77.62,77.46,77.46,75.8418567544815,55318,0.0000,1.0
2022-01-21,77.59,77.61,77.5,77.58,75.959349948524,33669,0.0000,1.0
2022-01-20,77.37,77.3762,77.3,77.36,75.743945759446,24106,0.0000,1.0
2022-01-19,77.21,77.27,77.16,77.22,75.6068703663963,26153,0.0000,1.0
2022-01-18,77.29,77.3,77.1,77.115,75.5040638216091,78438,0.0000,1.0
2022-01-14,77.76,77.76,77.49,77.56,75.9397677495169,32674,0.0000,1.0
2022-01-13,77.77,77.8499,77.72,77.84,76.2139185356163,31205,0.0000,1.0
2022-01-12,77.81,77.82,77.6928,77.73,76.1062164410773,33270,0.0000,1.0
2022-01-11,77.57,77.69,77.53,77.68,76.0572609435595,44649,0.0000,1.0
2022-01-10,77.53,77.62,77.44,77.59,75.9691410480276,48151,0.0000,1.0
2022-01-07,77.77,77.77,77.56,77.655,76.0327831948007,42211,0.0000,1.0
2022-01-06,77.76,77.7988,77.65,77.79,76.1649630380986,79695,0.0000,1.0
2022-01-05,78.07,78.1,77.8684,77.895,76.2677695828858,75532,0.0000,1.0
2022-01-04,78.09,78.1009,78.005,78.085,76.4538004734532,42153,0.0000,1.0
2022-01-03,78.27,78.27,78.1062,78.14,76.5076515207227,95332,0.0000,1.0
2021-12-31,78.53,78.58,78.4301,78.46,76.8209667048363,34979,0.0000,1.0
2021-12-30,78.4,78.5,78.375,78.5,76.8601311028504,91902,0.0000,1.0
2021-12-29,78.5,78.5,78.32,78.32,76.6838913117866,144770,0.0000,1.0
2021-12-28,78.73,78.73,78.6,78.66,77.0167886949072,59722,0.0000,1.0
2021-12-27,78.63,78.7,78.6,78.69,77.0461619934179,62470,0.0000,1.0
2021-12-23,78.73,78.73,78.56,78.61,76.9678331973895,70828,1.0429,1.0
2021-12-22,79.85,79.85,79.7449,79.78,77.0906583865034,28573,0.0000,1.0
2021-12-21,80.02,80.02,79.7,79.79,77.1003212917913,29010,0.0000,1.0
2021-12-20,80.13,80.14,80.0,80.03,77.3322310186998,28093,0.0000,1.0
2021-12-17,80.04,80.15,80.04,80.06,77.3612197345633,36100,0.0000,1.0
2021-12-16,79.93,80.0476,79.92,79.965,77.2694221343287,20368,0.0000,1.0
2021-12-15,79.93,80.04,79.915,79.9803,77.2842063794191,22752,0.0000,1.0
2021-12-14,80.11,80.11,79.952,80.02,77.3225681134119,34810,0.0000,1.0
2021-12-13,80.07,80.1999,80.0,80.145,77.4433544295101,18773,0.0000,1.0
2021-12-10,79.91,80.01,79.87,79.9108,77.2170491876685,48377,0.0000,1.0
2021-12-09,79.97,79.9707,79.843,79.92,77.2259390605334,16676,0.0000,1.0
2021-12-08,79.93,79.93,79.77,79.8399,77.1485391891777,17606,0.0000,1.0
2021-12-07,80.04,80.0954,79.91,79.91,77.2162761552455,21605,0.0000,1.0
2021-12-06,80.23,80.26,80.08,80.125,77.4240286189344,34103,0.0000,1.0
2021-12-03,79.89,80.2983,79.89,80.26,77.5544778403204,22302,0.0000,1.0
2021-12-02,80.16,80.16,79.91,80.02,77.3225681134119,13492,0.0000,1.0
2021-12-01,79.86,79.97,79.775,79.97,77.2742535869726,33148,0.0851,1.0
2021-11-30,80.0,80.17,79.89,80.01,77.2307202101263,42547,0.0000,1.0
2021-11-29,79.68,79.85,79.6293,79.84,77.0666254415258,39239,0.0000,1.0
2021-11-26,79.76,79.93,79.76,79.9,77.1245412422084,15079,0.0000,1.0
2021-11-24,79.2,79.39,79.17,79.39,76.632256936407,29094,0.0000,1.0
2021-11-23,79.39,79.39,79.215,79.215,76.463335851083,28281,0.0000,1.0
2021-11-22,79.8,79.8,79.5792,79.62,76.85426750569,36802,0.0000,1.0
2021-11-19,79.9,79.98,79.86,79.91,77.1341938756554,11201,0.0000,1.0
2021-11-18,79.62,79.71,79.59,79.65,76.8832254060312,21991,0.0000,1.0
2021-11-17,79.4,79.6096,79.4,79.5944,76.8295567640654,19257,0.0000,1.0
2021-11-16,79.44,79.58,79.44,79.44,76.6805201036424,30288,0.0000,1.0
2021-11-15,79.73,79.73,79.5,79.52,76.7577411712191,29502,0.0000,1.0
2021-11-12,79.81,79.81,79.68,79.73,76.9604464736079,30416,0.0000,1.0
2021-11-11,79.8,79.8,79.7001,79.72,76.9507938401608,36654,0.0000,1.0
2021-11-10,80.18,80.18,79.7742,79.8,77.0280149077375,21229,0.0000,1.0
2021-11-09,80.27,80.34,80.2228,80.26,77.4720360463034,21138,0.0000,1.0
2021-11-08,80.14,80.14,79.99,80.01,77.2307202101263,18499,0.0000,1.0
2021-11-05,79.97,80.2145,79.97,80.18,77.3948149787267,15986,0.0000,1.0
2021-11-04,79.69,79.88,79.68,79.85,77.0762780749729,20222,0.0000,1.0
2021-11-03,79.69,79.7094,79.4942,79.56,76.7963517050075,31185,0.0000,1.0
2021-11-02,79.51,79.73,79.51,79.65,76.8832254060312,21265,0.0000,1.0
2021-11-01,79.37,79.45,79.25,79.4,76.6419095698541,52925,0.0891,1.0
2021-10-29,79.49,79.63,79.4004,79.56,76.7102700291938,26296,0.0000,1.0
2021-10-28,79.78,79.8129,79.657,79.67,76.8163299802146,36056,0.0000,1.0
2021-10-27,79.69,79.93,79.6524,79.82,76.960957186152,29676,0.0000,1.0
2021-10-26,79.49,79.5,79.38,79.48,76.6331355193606,24900,0.0000,1.0
2021-10-25,79.32,79.4495,79.32,79.4,76.5560010095273,27377,0.0000,1.0
2021-10-22,79.31,79.385,79.25,79.32,76.478866499694,22055,0.0000,1.0
2021-10-21,79.31,79.31,79.171,79.2,76.3631647349441,47718,0.0000,1.0
2021-10-20,79.4,79.41,79.34,79.34,76.4981501271523,28347,0.0000,1.0
2021-10-19,79.43,79.4699,79.34,79.34,76.4981501271523,241918,0.0000,1.0
2021-10-18,79.55,79.6,79.4601,79.58,76.7295536566522,29116,0.0000,1.0
2021-10-15,79.72,79.7392,79.605,79.68,76.8259717939438,21493,0.0000,1.0
2021-10-14,79.73,79.8494,79.71,79.81,76.9513153724228,214761,0.0000,1.0
2021-10-13,79.53,79.6696,79.53,79.61,76.7584790978396,61908,0.0000,1.0
2021-10-12,79.35,79.44,79.32,79.4124,76.5679568585514,17983,0.0000,1.0
2021-10-11,79.31,79.35,79.2798,79.3,76.4595828722357,16335,0.0000,1.0
2021-10-08,79.52,79.52,79.32,79.39,76.5463591957981,32411,0.0000,1.0
2021-10-07,79.61,79.67,79.52,79.53,76.6813445880064,48723,0.0000,1.0
2021-10-06,79.74,79.75,79.642,79.7,76.8452554214021,28450,0.0000,1.0
2021-10-05,79.88,79.88,79.6425,79.66,76.8066881664854,29102,0.0000,1.0
2021-10-04,79.9,79.95,79.8,79.875,77.0139871616624,23591,0.0000,1.0
2021-10-01,79.9,79.9888,79.87,79.961,77.0969067597331,36904,0.0861,1.0
2021-09-30,79.87,79.8999,79.8,79.85,76.9070710214947,155195,0.0000,1.0
2021-09-29,79.93,79.99,79.81,79.87,76.9263339071607,30406,0.0000,1.0
2021-09-28,79.85,79.95,79.8,79.88,76.9359653499937,29929,0.0000,1.0
2021-09-27,80.13,80.17,80.0899,80.15,77.1960143064847,42245,0.0000,1.0
2021-09-24,80.28,80.28,80.151,80.19,77.2345400778167,20554,0.0000,1.0
2021-09-23,80.66,80.66,80.37,80.37,77.4079060488107,34501,0.0000,1.0
2021-09-22,80.63,80.765,80.63,80.7202,77.7451991768223,22701,0.0000,1.0
2021-09-21,80.68,80.705,80.62,80.63,77.6583235624686,17618,0.0000,1.0
2021-09-20,80.56,80.729,80.56,80.67,77.6968493338006,23298,0.0000,1.0
2021-09-17,80.49,80.51,80.3936,80.47,77.5042204771406,21140,0.0000,1.0
2021-09-16,80.61,80.66,80.5499,80.6,77.6294292339696,37546,0.0000,1.0
2021-09-15,80.81,80.81,80.64,80.7,77.7257436622996,41286,0.0000,1.0
2021-09-14,80.7,80.8618,80.66,80.805,77.8268738120461,21476,0.0000,1.0
2021-09-13,80.61,80.71,80.61,80.65,77.6775864481346,25419,0.0000,1.0
2021-09-10,80.81,80.81,80.605,80.62,77.6486921196356,18925,0.0000,1.0
2021-09-09,80.66,80.839,80.63,80.81,77.8316895334626,22901,0.0000,1.0
2021-09-08,80.57,80.589,80.46,80.54,77.5716405769716,121064,0.0000,1.0
2021-09-07,80.53,80.53,80.39,80.45,77.4849575914747,32901,0.0000,1.0
2021-09-03,80.7,80.76,80.62,80.67,77.6968493338006,34396,0.0000,1.0
2021-09-02,80.84,80.84,80.77,80.81,77.8316895334626,12104,0.0000,1.0
2021-09-01,80.87,80.87,80.66,80.72,77.7450065479656,23679,0.0912,1.0
2021-08-31,80.93,80.93,80.74,80.74,77.6765080667376,21040,0.0000,1.0
2021-08-30,80.98,81.01,80.88,80.98,77.907401823686,26725,0.0000,1.0
2021-08-27,80.71,80.9199,80.71,80.905,77.8352475246396,19989,0.0000,1.0
2021-08-26,80.75,80.789,80.6728,80.74,77.6765080667376,10125,0.0000,1.0
2021-08-25,80.92,80.92,80.68,80.71,77.647646347119,21826,0.0000,1.0
2021-08-24,81.0,81.048,80.63,80.93,77.8592989576551,74830,0.0000,1.0
2021-08-23,81.06,81.08,81.0001,81.05,77.9747458361293,32660,0.0000,1.0
2021-08-20,81.04,81.12,81.04,81.06,77.9843664093355,15572,0.0000,1.0
2021-08-19,80.98,81.1199,80.98,81.09,78.0132281289541,17109,0.0000,1.0
2021-08-18,81.0,81.015,80.9047,81.0,77.9266429700984,26970,0.0000,1.0
2021-08-17,80.99,81.05,80.945,81.0012,77.9277974388831,17513,0.0000,1.0
2021-08-16,80.98,81.15,80.98,81.0,77.9266429700984,27339,0.0000,1.0
2021-08-13,80.83,80.97,80.77,80.945,77.8737298174644,12858,0.0000,1.0
2021-08-12,80.72,80.83,80.7166,80.7762,77.711334541744,16291,0.0000,1.0
2021-08-11,80.78,80.83,80.672,80.8012,77.7353859747594,18747,0.0000,1.0
2021-08-10,80.9,80.9,80.77,80.77,77.7053697863561,23399,0.0000,1.0
2021-08-09,80.98,80.999,80.81,80.819,77.7525105950665,22030,0.0000,1.0
2021-08-06,80.95,80.96,80.84,80.885,77.8160063782273,31555,0.0000,1.0
2021-08-05,81.29,81.29,81.14,81.1676,78.0878837770341,15548,0.0000,1.0
2021-08-04,81.37,81.37,81.08,81.28,78.1960190198716,16672,0.0000,1.0
2021-08-03,81.26,81.26,81.1801,81.25,78.167157300253,20751,0.0000,1.0
2021-08-02,81.13,81.235,81.045,81.2,78.1190544342221,30767,0.0887,1.0
2021-07-30,81.12,81.1406,81.065,81.12,77.9569324605277,16253,0.0000,1.0
2021-07-29,81.05,81.07,80.945,81.07,77.9088820830249,68683,0.0000,1.0
2021-07-28,81.03,81.059,80.95,81.05,77.8896619320238,15854,0.0000,1.0
2021-07-27,81.08,81.08,80.9918,81.06,77.8992720075243,15673,0.0000,1.0
2021-07-26,81.05,81.05,80.91,80.92,77.7647309505165,20661,0.0000,1.0
2021-07-23,80.9,80.96,80.83,80.96,77.8031712525187,19859,0.0000,1.0
2021-07-22,80.81,80.975,80.81,80.91,77.7551208750159,13901,0.0000,1.0
2021-07-21,80.9,80.91,80.81,80.85,77.6974604220126,18027,0.0000,1.0
2021-07-20,81.23,81.24,80.98,81.01,77.8512216300215,17148,0.0000,1.0
2021-07-19,80.92,81.0799,80.92,81.015,77.8560266677718,36557,0.0000,1.0
2021-07-16,80.66,80.7484,80.62,80.735,77.5869445537562,17538,0.0000,1.0
2021-07-15,80.71,80.71,80.56,80.69,77.5436992140037,15523,0.0000,1.0
2021-07-14,80.46,80.55,80.46,80.545,77.4043531192456,24020,0.0000,1.0
2021-07-13,80.52,80.569,80.31,80.31,77.1785163449825,22111,0.0000,1.0
2021-07-12,80.56,80.56,80.43,80.48,77.341887628492,22890,0.0000,1.0
2021-07-09,80.52,80.52,80.4,80.4,77.2650070244875,43004,0.0000,1.0
2021-07-08,80.6,80.72,80.6,80.6001,77.4573046352536,24387,0.0000,1.0
2021-07-07,80.5,80.6301,80.48,80.59,77.4475984589981,16810,0.0000,1.0
2021-07-06,80.31,80.4774,80.27,80.43,77.2938372509892,42923,0.0000,1.0
2021-07-02,80.17,80.25,80.16,80.235,77.1064407787283,13650,0.0000,1.0
2021-07-01,80.07,80.0787,80.01,80.0787,76.9562352986545,22877,0.0886,1.0
2021-06-30,80.16,80.23,80.13,80.19,76.9780260604899,19452,0.0000,1.0
2021-06-29,80.01,80.065,80.0,80.045,76.8388339694714,14928,0.0000,1.0
2021-06-28,80.0,80.11,79.95,80.08,76.8724320604069,77666,0.0000,1.0
2021-06-25,80.04,80.04,79.8188,79.85,76.6516446056879,34932,0.0000,1.0
2021-06-24,79.96,80.0499,79.96,80.0141,76.8091716549026,17972,0.0000,1.0
2021-06-23,80.03,80.05,79.942,79.96,76.7572386057709,87687,0.0000,1.0
2021-06-22,80.0,80.01,79.88,79.996,76.7917966421617,45382,0.0000,1.0
2021-06-21,80.13,80.13,79.9501,79.97,76.7668380603239,29382,0.0000,1.0
2021-06-18,80.01,80.17,80.01,80.125,76.9156296058954,17622,0.0000,1.0
2021-06-17,79.86,80.09,79.8,80.0,76.7956364239829,71378,0.0000,1.0
2021-06-16,80.07,80.1,79.8,79.87,76.6708435147939,33250,0.0000,1.0
2021-06-15,80.01,80.04,79.9401,80.0,76.7956364239829,31505,0.0000,1.0
2021-06-14,80.1,80.1432,80.0,80.035,76.8292345149184,28227,0.0000,1.0
2021-06-11,80.32,80.32,80.2055,80.25,77.0356227878079,18125,0.0000,1.0
2021-06-10,79.99,80.14,79.98,80.14,76.9300287877249,28210,0.0000,1.0
2021-06-09,80.01,80.1104,80.01,80.09,76.8820315149599,26207,0.0000,1.0
2021-06-08,79.8,79.9196,79.8,79.87,76.6708435147939,15502,0.0000,1.0
2021-06-07,79.81,79.81,79.735,79.795,76.5988476056465,14039,0.0000,1.0
2021-06-04,79.72,79.85,79.67,79.8142,76.6172785583882,21873,0.0000,1.0
2021-06-03,79.62,79.64,79.61,79.61,76.421257696416,17928,0.0000,1.0
2021-06-02,79.62,79.74,79.62,79.72,76.526851696499,28237,0.0000,1.0
2021-06-01,79.65,79.68,79.51,79.6326,76.4429524637058,38975,0.0892,1.0
2021-05-28,79.78,79.8107,79.73,79.7575,76.4771841720083,50199,0.0000,1.0
2021-05-27,79.81,79.81,79.64,79.7306,76.4513905318588,20823,0.0000,1.0
2021-05-26,79.83,79.9,79.82,79.875,76.5898515592786,32803,0.0000,1.0
2021-05-25,79.68,79.81,79.61,79.795,76.5131418487967,13658,0.0000,1.0
2021-05-24,79.62,79.64,79.561,79.61,76.3357506433073,39155,0.0000,1.0
2021-05-21,79.64,79.64,79.471,79.55,76.2782183604459,20138,0.0000,1.0
2021-05-20,79.28,79.465,79.28,79.46,76.1919199361537,15356,0.0000,1.0
2021-05-19,79.29,79.41,79.2046,79.28,76.0193230875694,20834,0.0000,1.0
2021-05-18,79.3,79.38,79.28,79.34,76.0768553704309,23509,0.0000,1.0
2021-05-17,79.48,79.48,79.36,79.3974,76.1318945877016,14435,0.0000,1.0
2021-05-14,79.43,79.48,79.36,79.4601,76.1920158232918,40188,0.0000,1.0
2021-05-13,79.34,79.38,79.3,79.36,76.0960327980513,52332,0.0000,1.0
2021-05-12,79.46,79.46,79.23,79.275,76.0145287306643,21099,0.0000,1.0
2021-05-11,79.75,79.75,79.502,79.53,76.2590409328254,19477,0.0000,1.0
2021-05-10,79.8,79.82,79.68,79.69,76.4124603537892,22514,0.0000,1.0
2021-05-07,79.91,79.9432,79.75,79.76,76.4795813504609,20663,0.0000,1.0
2021-05-06,79.67,79.86,79.67,79.8335,76.5500583969661,26748,0.0000,1.0
2021-05-05,79.74,79.82,79.71,79.8,76.5179362057018,14657,0.0000,1.0
2021-05-04,79.71,79.85,79.7,79.74,76.4604039228404,61448,0.0000,1.0
2021-05-03,79.59,79.74,79.59,79.65,76.3741054985483,24124,0.0867,1.0
2021-04-30,79.72,79.75,79.6927,79.74,76.3772663334981,15146,0.0000,1.0
2021-04-29,79.67,79.7,79.575,79.67,76.3102183194105,30888,0.0000,1.0
2021-04-28,79.71,79.82,79.71,79.79,76.4251577721321,16485,0.0000,1.0
2021-04-27,79.94,79.94,79.7875,79.82,76.4538926353125,32275,0.0000,1.0
2021-04-26,80.0,80.0,79.91,79.9592,76.5872224004695,34889,0.0000,1.0
2021-04-23,80.05,80.05,79.95,79.9988,76.6251524198677,29794,0.0000,1.0
2021-04-22,79.98,80.0699,79.935,80.05,76.6741932530289,28747,0.0000,1.0
2021-04-21,79.97,80.03,79.95,80.03,76.6550366775753,30580,0.0000,1.0
2021-04-20,79.84,79.96,79.8,79.95,76.5784103757609,39564,0.0000,1.0
2021-04-19,79.8,79.84,79.72,79.79,76.4251577721321,47266,0.0000,1.0
2021-04-16,79.89,79.9399,79.85,79.855,76.4874166423563,56346,0.0000,1.0
2021-04-15,79.89,80.12,79.871,80.02,76.6454583898485,23464,0.0000,1.0
2021-04-14,79.76,79.84,79.75,79.75,76.3868446212249,22797,0.0000,1.0
2021-04-13,79.67,79.88,79.67,79.84,76.4730492107661,33117,0.0000,1.0
2021-04-12,79.76,79.76,79.716,79.72,76.3581097580445,25699,0.0000,1.0
2021-04-09,79.76,79.8396,79.71,79.809,76.443356518813,20826,0.0000,1.0
2021-04-08,79.84,79.93,79.815,79.86,76.4922057862197,37663,0.0000,1.0
2021-04-07,79.84,79.86,79.75,79.78,76.4155794844053,30200,0.0000,1.0
2021-04-06,79.73,79.84,79.6843,79.83,76.4634709230393,23363,0.0000,1.0
2021-04-05,79.5,79.63,79.5,79.58,76.2240137298693,43710,0.0000,1.0
2021-04-01,79.75,79.75,79.6201,79.705,76.3437423264543,25696,0.0910,1.0
2021-03-31,79.71,79.73,79.561,79.64,76.1944914391551,34329,0.0000,1.0
2021-03-30,79.54,79.65,79.46,79.64,76.1944914391551,39028,0.0000,1.0
2021-03-29,79.67,79.81,79.59,79.64,76.1944914391551,30592,0.0000,1.0
2021-03-26,79.77,79.85,79.7,79.8,76.3475692722825,42339,0.0000,1.0
2021-03-25,79.89,79.97,79.83,79.91,76.4528102825576,44516,0.0000,1.0
2021-03-24,79.77,79.91,79.71,79.91,76.4528102825576,19237,0.0000,1.0
2021-03-23,79.76,79.8,79.64,79.8,76.3475692722825,32851,0.0000,1.0
2021-03-22,79.55,79.63,79.5001,79.59,76.1466546163028,39320,0.0000,1.0
2021-03-19,79.53,79.53,79.38,79.41,75.9744420540345,25799,0.0000,1.0
2021-03-18,79.35,79.39,79.25,79.34,75.9074705020413,31319,0.0000,1.0
2021-03-17,79.51,79.67,79.432,79.61,76.1657893454437,33720,0.0000,1.0
2021-03-16,79.73,79.779,79.62,79.6502,76.204250151017,29331,0.0000,1.0
2021-03-15,79.55,79.7595,79.55,79.74,76.2901650848597,30211,0.0000,1.0
2021-03-12,79.66,79.66,79.5384,79.58,76.1370872517323,25929,0.0000,1.0
2021-03-11,79.92,80.0,79.92,79.95,76.4910797408394,23510,0.0000,1.0
2021-03-10,79.8,79.97,79.78,79.86,76.4049734597053,45378,0.0000,1.0
2021-03-09,79.82,79.843,79.7597,79.82,76.3667040014234,19558,0.0000,1.0
2021-03-08,79.75,79.75,79.545,79.55,76.108385158021,40760,0.0000,1.0
2021-03-05,79.8,79.82,79.6644,79.76,76.3092998140007,40804,0.0000,1.0
2021-03-04,80.04,80.04,79.71,79.78,76.3284345431416,45111,0.0000,1.0
2021-03-03,80.09,80.09,79.8801,79.95,76.4910797408394,28415,0.0000,1.0
2021-03-02,80.05,80.2242,80.0301,80.19,76.7206964905305,34266,0.0000,1.0
2021-03-01,80.03,80.1998,80.03,80.15,76.6824270322487,81374,0.0907,1.0
2021-02-26,79.82,80.09,79.711,80.07,76.5192967218899,39334,0.0000,1.0
2021-02-25,80.0,80.0,79.5,79.5,75.9745733656831,88697,0.0000,1.0
2021-02-24,80.12,80.26,80.0,80.21,76.6530884234144,41554,0.0000,1.0
2021-02-23,80.26,80.2899,80.165,80.25,76.6913146238499,42482,0.0000,1.0
2021-02-22,80.38,80.5099,80.31,80.36,76.7964366750477,109915,0.0000,1.0
2021-02-19,80.53,80.59,80.43,80.43,76.86333252581,33710,0.0000,1.0
2021-02-18,80.71,80.76,80.665,80.7,77.12135937875,56919,0.0000,1.0
2021-02-17,80.69,80.81,80.69,80.8,77.2169248798389,189393,0.0000,1.0
2021-02-16,80.87,80.87,80.65,80.68,77.1022462785322,149488,0.0000,1.0
2021-02-12,81.16,81.16,81.04,81.09,77.4940648329968,55529,0.0000,1.0
2021-02-11,81.4,81.41,81.3058,81.32,77.7138654855012,84893,0.0000,1.0
2021-02-10,81.26,81.33,81.26,81.33,77.7234220356101,45855,0.0000,1.0
2021-02-09,81.31,81.34,81.28,81.2885,77.6837623526582,32069,0.0000,1.0
2021-02-08,81.17,81.32,81.12,81.24,77.6374130846301,54266,0.0000,1.0
2021-02-05,81.32,81.36,81.2415,81.245,77.6421913596846,61833,0.0000,1.0
2021-02-04,81.35,81.36,81.27,81.3,77.6947523852835,43906,0.0000,1.0
2021-02-03,81.4,81.41,81.355,81.37,77.7616482360457,45009,0.0000,1.0
2021-02-02,81.41,81.479,81.41,81.455,77.8428789119713,37775,0.0000,1.0
2021-02-01,81.52,81.58,81.47,81.58,77.9623357883324,31985,0.0932,1.0
2021-01-29,81.54,81.63,81.5,81.5752,77.868788469172,54580,0.0000,1.0
2021-01-28,81.75,81.75,81.65,81.69,77.9783724716171,34475,0.0000,1.0
2021-01-27,81.79,81.815,81.71,81.7454,78.0312553438772,30424,0.0000,1.0
2021-01-26,81.82,81.82,81.76,81.7962,78.0797472195236,63807,0.0000,1.0
2021-01-25,81.64,81.81,81.64,81.79,78.07382891974,67761,0.0000,1.0
2021-01-22,81.62,81.62,81.52,81.6,77.8924616683064,36968,0.0000,1.0
2021-01-21,81.64,81.64,81.5285,81.6,77.8924616683064,41920,0.0000,1.0
2021-01-20,81.75,81.76,81.72,81.73,78.0165550508662,46206,0.0000,1.0
2021-01-19,81.68,81.75,81.6073,81.75,78.0356463404908,64688,0.0000,1.0
2021-01-15,81.68,81.71,81.6,81.7,77.9879181164294,38915,0.0000,1.0
2021-01-14,81.77,81.79,81.6,81.6,77.8924616683064,117360,0.0000,1.0
2021-01-13,81.6,81.81,81.6,81.75,78.0356463404908,35790,0.0000,1.0
2021-01-12,81.5,81.5,81.3622,81.43,77.7301857064975,57792,0.0000,1.0
2021-01-11,81.57,81.68,81.53,81.56,77.8542790890573,51923,0.0000,1.0
2021-01-08,81.68,81.71,81.62,81.68,77.9688268268048,73871,0.0000,1.0
2021-01-07,81.67,81.79,81.67,81.7,77.9879181164294,106320,0.0000,1.0
2021-01-06,81.91,81.92,81.7,81.8,78.0833745645523,96941,0.0000,1.0
2021-01-05,82.16,82.16,82.01,82.05,78.3220156848596,99512,0.0000,1.0
2021-01-04,82.12,82.18,82.0516,82.15,78.4174721329825,69622,0.0000,1.0
2020-12-31,82.15,82.21,82.13,82.2,78.465200357044,47202,0.0000,1.0
2020-12-30,82.1,82.15,82.04,82.13,78.3983808433579,53810,0.0000,1.0
2020-12-29,82.09,82.13,82.05,82.11,78.3792895537334,32077,0.0000,1.0
2020-12-28,82.02,82.09,81.98,82.04,78.3124700400473,64523,0.0000,1.0
2020-12-24,81.95,82.0736,81.95,82.0552,78.326979420162,22151,0.0000,1.0
2020-12-23,81.86,81.954,81.83,81.93,78.2074679471121,59282,0.0987,1.0
2020-12-22,82.09,82.17,82.0801,82.17,78.3421856156955,42518,0.0000,1.0
2020-12-21,82.15,82.15,82.06,82.085,78.2611452630445,37651,0.0000,1.0
2020-12-18,82.07,82.1,82.012,82.03,78.2087073877997,31883,0.0000,1.0
2020-12-17,82.14,82.175,82.0001,82.08,78.2563781834768,62014,0.0000,1.0
2020-12-16,82.0,82.06,81.9295,82.05,78.2277757060705,36739,0.0000,1.0
2020-12-15,82.16,82.16,82.108,82.15,78.3231172974247,32955,0.0000,1.0
2020-12-14,82.06,82.15,82.01,82.11,78.284980660883,85121,0.0000,1.0
2020-12-11,82.22,82.26,82.175,82.21,78.3803222522371,38005,0.0000,1.0
2020-12-10,81.9,82.09,81.9,82.07,78.2468440243413,37284,0.0000,1.0
2020-12-09,82.01,82.01,81.87,81.92,78.1038316373102,34552,0.0000,1.0
2020-12-08,82.03,82.069,82.0059,82.01,78.1896390695289,28081,0.0000,1.0
2020-12-07,82.0,82.0,81.8872,81.95,78.1324341147164,39004,0.0000,1.0
2020-12-04,81.88,81.88,81.77,81.81,77.9989558868206,29018,0.0000,1.0
2020-12-03,81.8,81.964,81.8,81.88,78.0656950007685,63688,0.0000,1.0
2020-12-02,81.88,81.88,81.68,81.74,77.9322167728727,43192,0.0000,1.0
2020-12-01,81.87,81.9229,81.78,81.81,77.9989558868206,43358,0.0955,1.0
2020-11-30,82.06,82.19,82.06,82.18,78.2603634039096,61686,0.0000,1.0
2020-11-27,81.97,82.14,81.97,82.14,78.222271233842,12476,0.0000,1.0
2020-11-25,82.08,82.08,81.96,81.99,78.0794255960884,30959,0.0000,1.0
2020-11-24,82.05,82.07,81.975,82.0,78.0889486386053,25301,0.0000,1.0
2020-11-23,82.05,82.1,82.04,82.07,78.1556099362237,41383,0.0000,1.0
2020-11-20,82.02,82.13,82.0,82.115,78.1984636275497,24587,0.0000,1.0
2020-11-19,81.9,82.03,81.9,82.0127,78.1010429026018,11704,0.0000,1.0
2020-11-18,81.89,81.94,81.84,81.9,77.9937182134363,19127,0.0000,1.0
2020-11-17,81.72,81.86,81.72,81.81,77.9080108307842,34583,0.0000,1.0
2020-11-16,81.72,81.73,81.65,81.72,77.822303448132,64099,0.0000,1.0
2020-11-13,81.75,81.76,81.69,81.739,77.8403972289142,26036,0.0000,1.0
2020-11-12,81.5,81.67,81.5,81.62,77.727073022963,33540,0.0000,1.0
2020-11-11,81.31,81.46,81.31,81.46,77.5747043426926,63624,0.0000,1.0
2020-11-10,81.37,81.39,81.31,81.31,77.431858704939,21216,0.0000,1.0
2020-11-09,81.6,81.6,81.44,81.46,77.5747043426926,59802,0.0000,1.0
2020-11-06,81.93,81.93,81.83,81.91,78.0032412559532,13648,0.0000,1.0
2020-11-05,82.03,82.05,81.93,82.03,78.1175177661561,27684,0.0000,1.0
2020-11-04,81.87,82.01,81.87,82.0,78.0889486386053,20865,0.0000,1.0
2020-11-03,81.6,81.61,81.525,81.6,77.7080269379292,46942,0.0000,1.0
2020-11-02,81.66,81.67,81.6,81.66,77.7651651930306,35743,0.1014,1.0
2020-10-30,81.72,81.7286,81.57,81.58,77.5926314428011,26290,0.0000,1.0
2020-10-29,81.89,81.89,81.71,81.73,77.7352999242478,16800,0.0000,1.0
2020-10-28,81.98,81.98,81.85,81.87,77.868457173598,26261,0.0000,1.0
2020-10-27,81.83,81.93,81.83,81.92,77.9160133340803,26543,0.0000,1.0
2020-10-26,81.76,81.779,81.71,81.76,77.7638336205371,28322,0.0000,1.0
2020-10-23,81.6,81.67,81.55,81.66,77.6687212995727,25607,0.0000,1.0
2020-10-22,81.68,81.68,81.5454,81.57,77.5831202107047,31352,0.0000,1.0
2020-10-21,81.66,81.79,81.65,81.7,77.7067662279585,27191,0.0000,1.0
2020-10-20,81.9,81.9,81.79,81.8,77.8018785489229,37915,0.0000,1.0
2020-10-19,81.83,81.9486,81.83,81.87,77.868457173598,34392,0.0000,1.0
2020-10-16,81.96,82.01,81.96,81.975,77.9683251106107,35755,0.0000,1.0
2020-10-15,81.95,82.02,81.8901,81.9617,77.9556751719224,10918,0.0000,1.0
2020-10-14,82.0,82.0,81.87,81.925,77.9207689501285,25033,0.0000,1.0
2020-10-13,81.86,81.909,81.78,81.9,77.8969908698874,66627,0.0000,1.0
2020-10-12,82.0,82.0,81.71,81.765,77.7685892365854,20769,0.0000,1.0
2020-10-09,81.59,81.73,81.58,81.73,77.7352999242478,16204,0.0000,1.0
2020-10-08,81.52,81.67,81.52,81.63,77.6401876032833,41071,0.0000,1.0
2020-10-07,81.77,81.77,81.51,81.52,77.5355640502224,18259,0.0000,1.0
2020-10-06,81.61,81.635,81.51,81.55,77.5640977465118,21171,0.0000,1.0
2020-10-05,81.73,81.73,81.51,81.51,77.526052818126,31039,0.0000,1.0
2020-10-02,81.85,81.85,81.73,81.78,77.78285608473,22881,0.0000,1.0
2020-10-01,81.59,81.8,81.57,81.79,77.7923673168265,75133,0.0994,1.0
2020-09-30,81.92,81.92,81.721,81.82,77.7264394886608,33381,0.0000,1.0
2020-09-29,81.85,81.95,81.85,81.9303,77.8312210368837,20387,0.0000,1.0
2020-09-28,81.86,81.88,81.8141,81.855,77.7596883933553,34754,0.0000,1.0
2020-09-25,81.83,81.84,81.74,81.84,77.745438862772,17293,0.0000,1.0
2020-09-24,81.88,81.88,81.75,81.77,77.678941053383,28313,0.0000,1.0
2020-09-23,81.87,81.87,81.74,81.74,77.6504419922163,52243,0.0000,1.0
2020-09-22,81.91,81.92,81.8701,81.89,77.7929372980498,29195,0.0000,1.0
2020-09-21,81.95,81.97,81.85,81.85,77.7549385498275,25345,0.0000,1.0
2020-09-18,81.96,81.96,81.82,81.82,77.7264394886608,40163,0.0000,1.0
2020-09-17,81.99,81.99,81.86,81.9,77.8024369851054,36702,0.0000,1.0
2020-09-16,81.97,81.97,81.74,81.85,77.7549385498275,31740,0.0000,1.0
2020-09-15,81.86,81.86,81.82,81.83,77.7359391757164,13413,0.0000,1.0
2020-09-14,81.81,81.9,81.81,81.8399,77.7453438659014,22684,0.0000,1.0
2020-09-11,81.67,81.84,81.67,81.8202,77.7266294824019,21970,0.0000,1.0
2020-09-10,81.63,81.7,81.56,81.7,77.612443243994,26818,0.0000,1.0
2020-09-09,81.68,81.77,81.65,81.66,77.5744444957717,19824,0.0000,1.0
2020-09-08,81.66,81.82,81.66,81.68,77.5934438698829,38649,0.0000,1.0
2020-09-04,81.84,81.84,81.6027,81.63,77.545945434605,24045,0.0000,1.0
2020-09-03,81.98,82.0,81.9,81.95,77.8499354203832,60528,0.0000,1.0
2020-09-02,81.8,81.95,81.77,81.94,77.8404357333276,35942,0.0000,1.0
2020-09-01,81.53,81.746,81.47,81.73,77.6409423051607,24348,0.1018,1.0
2020-08-31,81.54,81.61,81.45,81.59,77.4115256254667,28160,0.0000,1.0
2020-08-28,81.58,81.58,81.49,81.52,77.3451105403608,36410,0.0000,1.0
2020-08-27,81.88,81.89,81.5,81.53,77.3545984096617,21373,0.0000,1.0
2020-08-26,81.72,81.72,81.63,81.71,77.5253800570766,21680,0.0000,1.0
2020-08-25,81.76,81.76,81.6,81.73,77.5443557956783,50891,0.0000,1.0
2020-08-24,81.85,81.98,81.85,81.88,77.6866738351907,24310,0.0000,1.0
2020-08-21,81.91,81.94,81.8467,81.9296,77.7337336669228,372960,0.0000,1.0
2020-08-20,81.97,81.97,81.84,81.89,77.6961617044915,20403,0.0000,1.0
2020-08-19,81.87,81.93,81.755,81.755,77.5680754689303,27877,0.0000,1.0
2020-08-18,81.83,81.89,81.7405,81.87,77.6771859658899,22539,0.0000,1.0
2020-08-17,81.74,81.83,81.68,81.75,77.5633315342799,34574,0.0000,1.0
2020-08-14,81.75,81.75,81.58,81.585,77.4067816908162,21035,0.0000,1.0
2020-08-13,81.82,81.83,81.56,81.7,77.5158921877758,22997,0.0000,1.0
2020-08-12,82.02,82.02,81.86,81.94,77.7436010509957,22093,0.0000,1.0
2020-08-11,82.1,82.1,82.0,82.02,77.8195040054023,35077,0.0000,1.0
2020-08-10,82.35,82.4207,82.2,82.21,77.9997735221181,70728,0.0000,1.0
2020-08-07,82.44,82.46,82.31,82.32,78.1041400844272,25912,0.0000,1.0
2020-08-06,82.46,82.5,82.4,82.415,78.1942748427851,29590,0.0000,1.0
2020-08-05,82.37,82.37,82.28,82.31,78.0946522151264,38574,0.0000,1.0
2020-08-04,82.42,82.46,82.28,82.46,78.2369702546388,20438,0.0000,1.0
2020-08-03,82.38,82.38,82.205,82.28,78.0661886072239,62875,0.1043,1.0
2020-07-31,82.35,82.39,82.29,82.39,78.0715898459922,31204,0.0000,1.0
2020-07-30,82.38,82.4,82.27,82.29,77.9768312711093,62809,0.0000,1.0
2020-07-29,82.22,82.24,82.16,82.195,77.8868106249706,29082,0.0000,1.0
2020-07-28,82.25,82.25,82.185,82.2119,77.9028248241258,17227,0.0000,1.0
2020-07-27,82.27,82.27,82.15,82.15,77.8441692662733,47547,0.0000,1.0
2020-07-24,82.14,82.16,82.0431,82.12,77.8157416938085,18281,0.0000,1.0
2020-07-23,82.24,82.24,82.1223,82.17,77.8631209812499,21762,0.0000,1.0
2020-07-22,82.07,82.15,82.0488,82.07,77.768362406367,45073,0.0000,1.0
2020-07-21,81.89,82.0,81.85,81.93,77.635700401531,53551,0.0000,1.0
2020-07-20,81.94,81.94,81.81,81.84,77.5504176841364,44260,0.0000,1.0
2020-07-17,81.85,81.87,81.77,81.81,77.5219901116716,29107,0.0000,1.0
2020-07-16,81.71,81.88,81.71,81.83,77.5409418266482,45626,0.0000,1.0
2020-07-15,81.74,81.75,81.68,81.73,77.4461832517653,29620,0.0000,1.0
2020-07-14,81.61,81.79,81.61,81.74,77.4556591092536,15455,0.0000,1.0
2020-07-13,81.59,81.59,81.53,81.54,77.2661419594879,24472,0.0000,1.0
2020-07-10,81.68,81.8,81.64,81.64,77.3609005343707,23637,0.0000,1.0
2020-07-09,81.69,81.78,81.63,81.69,77.4082798218121,42947,0.0000,1.0
2020-07-08,81.62,81.62,81.5,81.5,77.2282385295347,58722,0.0000,1.0
2020-07-07,81.54,81.61,81.47,81.59,77.3135212469293,28476,0.0000,1.0
2020-07-06,81.47,81.49,81.39,81.48,77.2092868145581,238014,0.0000,1.0
2020-07-02,81.43,81.48,81.33,81.46,77.1903350995816,151064,0.0000,1.0
2020-07-01,81.32,81.33,81.18,81.33,77.0671489522338,29755,0.1073,1.0
2020-06-30,81.64,81.64,81.41,81.55,77.1738011581262,41945,0.0000,1.0
2020-06-29,81.49,81.5297,81.43,81.495,77.1217526104414,157777,0.0000,1.0
2020-06-26,81.51,81.51,81.39,81.44,77.0697040627565,42698,0.0000,1.0
2020-06-25,81.36,81.46,81.35,81.41,77.0413139458375,16280,0.0000,1.0
2020-06-24,81.26,81.3,81.22,81.27,76.9088267335489,146863,0.0000,1.0
2020-06-23,81.21,81.32,81.2,81.2,76.8425831274046,81867,0.0000,1.0
2020-06-22,81.47,81.47,81.21,81.26,76.8993633612426,51467,0.0000,1.0
2020-06-19,81.3,81.33,81.27,81.3,76.9372168504679,15160,0.0000,1.0
2020-06-18,81.28,81.31,81.26,81.3,76.9372168504679,12900,0.0000,1.0
2020-06-17,81.31,81.31,81.16,81.24,76.8804366166299,207552,0.0000,1.0
2020-06-16,81.22,81.22,81.11,81.19,76.8331197550983,11968,0.0000,1.0
2020-06-15,81.06,81.24,81.06,81.2,76.8425831274046,17968,0.0000,1.0
2020-06-12,81.19,81.19,81.0,81.11,76.7574127766476,25245,0.0000,1.0
2020-06-11,81.21,81.21,81.1,81.13,76.7763395212603,25203,0.0000,1.0
2020-06-10,80.91,81.07,80.75,81.02,76.6722424258906,42521,0.0000,1.0
2020-06-09,80.9,80.94,80.83,80.85,76.511365096683,39818,0.0000,1.0
2020-06-08,80.68,80.83,80.66,80.8,76.4640482351514,44763,0.0000,1.0
2020-06-05,80.62,80.66,80.47,80.6,76.2747807890248,32648,0.0000,1.0
2020-06-04,80.7,80.72,80.6,80.62,76.2937075336374,26639,0.0000,1.0
2020-06-03,80.86,80.87,80.61,80.72,76.3883412567007,39606,0.0000,1.0
2020-06-02,80.87,80.98,80.87,80.97,76.624925564359,20938,0.0000,1.0
2020-06-01,80.91,80.93,80.81,80.87,76.5302918412957,26993,0.1096,1.0
2020-05-29,81.14,81.16,80.98,81.16,76.7007800216296,14681,0.0000,1.0
2020-05-28,80.96,80.97,80.87,80.94,76.4928676065882,15842,0.0000,1.0
2020-05-27,81.04,81.04,80.78,80.95,76.5023181709083,21895,0.0000,1.0
2020-05-26,80.93,80.93,80.78,80.81,76.3700102704274,22816,0.0000,1.0
2020-05-22,80.96,80.96,80.85,80.93,76.4834170422682,13920,0.0000,1.0
2020-05-21,80.97,80.97,80.85,80.9,76.455065349308,32579,0.0000,1.0
2020-05-20,80.78,80.87,80.67,80.86,76.4172630920277,26700,0.0000,1.0
2020-05-19,80.51,80.63,80.5,80.62,76.1904495483462,13222,0.0000,1.0
2020-05-18,80.7,80.7,80.48,80.51,76.0864933408255,29513,0.0000,1.0
2020-05-15,80.83,80.83,80.6,80.66,76.2282518056265,26299,0.0000,1.0
2020-05-14,80.62,80.67,80.55,80.62,76.1904495483462,20103,0.0000,1.0
2020-05-13,80.62,80.62,80.5,80.53,76.1053944694657,20082,0.0000,1.0
2020-05-12,80.24,80.51,80.24,80.38,75.9636360046647,11579,0.0000,1.0
2020-05-11,80.45,80.45,80.17,80.21,75.8029764112237,32369,0.0000,1.0
2020-05-08,80.61,80.61,80.42,80.43,76.010888826265,14634,0.0000,1.0
2020-05-07,81.18,81.18,80.42,80.6,76.1715484197061,22807,0.0000,1.0
2020-05-06,80.64,80.64,80.33,80.39,75.9730865689848,26608,0.0000,1.0
2020-05-05,80.81,80.81,80.67,80.72,76.2849551915469,30236,0.0000,1.0
2020-05-04,80.61,80.78,80.61,80.73,76.2944057558669,48289,0.0000,1.0
2020-05-01,80.86,80.87,80.57,80.68,76.2471529342666,13419,0.1128,1.0
2020-04-30,81.0,81.0,80.77,80.77,76.2256357311631,56632,0.0000,1.0
2020-04-29,80.91,80.92,80.76,80.8,76.2539478405098,18763,0.0000,1.0
2020-04-28,80.83,80.83,80.64,80.75,76.2067609915986,24975,0.0000,1.0
2020-04-27,80.76,80.76,80.52,80.52,75.9897014866071,95864,0.0000,1.0
2020-04-24,80.58,80.72,80.52,80.72,76.1784488822519,20400,0.0000,1.0
2020-04-23,80.45,80.63,80.41,80.59,76.0557630750828,13150,0.0000,1.0
2020-04-22,80.49,80.49,80.28,80.39,75.8670156794379,36349,0.0000,1.0
2020-04-21,80.4,80.48,80.35,80.47,75.9425146376959,20697,0.0000,1.0
2020-04-20,80.35,80.45,80.35,80.44,75.9142025283491,27308,0.0000,1.0
2020-04-17,80.77,80.77,80.46,80.58,76.0463257053005,33438,0.0000,1.0
2020-04-16,80.67,80.69,80.5,80.63,76.0935125542117,15482,0.0000,1.0
2020-04-15,80.2,80.57,80.2,80.57,76.0368883355183,25274,0.0000,1.0
2020-04-14,80.36,80.36,80.11,80.22,75.7065803931398,34529,0.0000,1.0
2020-04-13,80.5,80.5,80.06,80.1,75.5933319557529,23600,0.0000,1.0
2020-04-09,79.79,80.4,79.79,80.3,75.7820793513978,63055,0.0000,1.0
2020-04-08,79.7,79.76,79.55,79.72,75.2347119040278,148852,0.0000,1.0
2020-04-07,79.62,79.75,79.44,79.68,75.1969624248988,47995,0.0000,1.0
2020-04-06,79.62,79.69,79.4,79.69,75.206399794681,75392,0.0000,1.0
2020-04-03,79.51,79.51,79.26,79.41,74.9421534407783,15309,0.0000,1.0
2020-04-02,78.74,79.46,78.74,79.36,74.8949665918671,25758,0.0000,1.0
2020-04-01,79.23,79.58,79.06,79.1,74.6495949775288,37200,0.1234,1.0
2020-03-31,79.61,79.93,79.42,79.45,74.8631126783837,485823,0.0000,1.0
2020-03-30,79.13,80.0,79.13,79.61,75.0138753974339,20592,0.0000,1.0
2020-03-27,79.31,79.62,79.31,79.47,74.881958018265,39538,0.0000,1.0
2020-03-26,78.99,79.32,78.97,79.32,74.7406179691554,83899,0.0000,1.0
2020-03-25,77.65,78.91,77.65,78.81,74.2600618021827,63029,0.0000,1.0
2020-03-24,77.65,78.16,77.58,77.95,73.4497121872877,208376,0.0000,1.0
2020-03-23,76.16,78.09,76.16,77.68,73.1953000988905,75111,0.0000,1.0
2020-03-20,75.88,77.49,75.88,76.88,72.4414865036393,106734,0.0000,1.0
2020-03-19,74.53,76.46,74.0,75.63,71.2636527610593,138425,0.0000,1.0
2020-03-18,77.0,77.14,75.42,76.21,71.8101676176164,96560,0.0000,1.0
2020-03-17,78.52,78.7,77.49,77.65,73.1670320890685,55791,0.0000,1.0
2020-03-16,76.63,78.87,75.75,78.72,74.175257772717,66237,0.0000,1.0
2020-03-13,77.34,78.94,77.24,78.51,73.9773817039636,78927,0.0000,1.0
2020-03-12,79.39,79.5,76.89,77.2,72.7430119417397,140319,0.0000,1.0
2020-03-11,81.04,81.19,80.05,80.08,75.456740884644,68874,0.0000,1.0
2020-03-10,81.19,81.35,80.69,80.72,76.059791760845,88613,0.0000,1.0
2020-03-09,82.58,82.58,81.63,81.63,76.9172547254432,82768,0.0000,1.0
2020-03-06,81.96,81.99,81.6,81.81,77.0868627843747,52866,0.0000,1.0
2020-03-05,81.33,81.42,81.28,81.3,76.6063066174021,62816,0.0000,1.0
2020-03-04,81.48,81.48,81.2,81.22,76.530925257877,42970,0.0000,1.0
2020-03-03,80.79,81.33,80.75,81.1,76.4178532185893,75809,0.0000,1.0
2020-03-02,80.84,80.96,80.76,80.76,76.0974824406075,61181,0.1107,1.0
2020-02-28,80.95,80.96,80.82,80.95,76.1721019302069,103602,0.0000,1.0
2020-02-27,80.76,80.78,80.56,80.6,75.842759920626,42383,0.0000,1.0
2020-02-26,80.56,80.7,80.53,80.58,75.8239403772214,42887,0.0000,1.0
2020-02-25,80.63,80.74,80.61,80.68,75.9180380942445,41888,0.0000,1.0
2020-02-24,80.66,80.66,80.6,80.61,75.8521696923283,40746,0.0000,1.0
2020-02-21,80.31,80.5,80.31,80.42,75.6733840299844,149912,0.0000,1.0
2020-02-20,80.17,80.27,80.09,80.24,75.5040081393428,60377,0.0000,1.0
2020-02-19,80.05,80.1,80.02,80.09,75.3628615638081,32170,0.0000,1.0
2020-02-18,80.09,80.15,80.03,80.08,75.3534517921058,57598,0.0000,1.0
2020-02-14,79.96,80.0,79.91,79.93,75.2123052165712,17367,0.0000,1.0
2020-02-13,79.88,79.94,79.86,79.92,75.2028954448688,24024,0.0000,1.0
2020-02-12,79.85,79.91,79.82,79.85,75.1370270429527,73769,0.0000,1.0
2020-02-11,80.01,80.01,79.91,79.91,75.1934856731665,38051,0.0000,1.0
2020-02-10,79.98,80.05,79.94,80.02,75.2969931618919,49831,0.0000,1.0
2020-02-07,79.88,79.92,79.82,79.89,75.1746661297619,36522,0.0000,1.0
2020-02-06,79.63,79.69,79.6,79.66,74.9582413806088,49817,0.0000,1.0
2020-02-05,79.66,79.67,79.61,79.65,74.9488316089064,29870,0.0000,1.0
2020-02-04,79.82,79.82,79.71,79.78,75.0711586410365,69281,0.0000,1.0
2020-02-03,79.96,80.03,79.89,80.03,75.3064029335943,50751,0.1157,1.0
2020-01-31,80.04,80.15,80.04,80.13,75.2916509191249,21550,0.0000,1.0
2020-01-30,80.0,80.08,79.96,79.99,75.1601042932834,36783,0.0000,1.0
2020-01-29,79.85,79.96,79.85,79.95,75.122519543043,22875,0.0000,1.0
2020-01-28,79.8,79.8,79.7,79.74,74.9251996042808,17307,0.0000,1.0
2020-01-27,79.87,79.91,79.83,79.9,75.0755386052425,49491,0.0000,1.0
2020-01-24,79.49,79.64,79.48,79.59,74.7842567908792,46791,0.0000,1.0
2020-01-23,79.41,79.48,79.4,79.45,74.6527101650377,33640,0.0000,1.0
2020-01-22,79.23,79.28,79.21,79.27,74.4835787889558,31741,0.0000,1.0
2020-01-21,79.41,79.41,79.09,79.2,74.4178054760351,39150,0.0000,1.0
2020-01-17,78.97,79.06,78.97,79.02,74.2486740999532,45708,0.0000,1.0
2020-01-16,79.03,79.05,79.0,79.04,74.2674664750734,34353,0.0000,1.0
2020-01-15,79.03,79.06,78.96,79.05,74.2768626626335,80092,0.0000,1.0
2020-01-14,78.86,78.92,78.86,78.91,74.145316036792,23386,0.0000,1.0
2020-01-13,78.86,78.87,78.8,78.86,74.0983350989915,29861,0.0000,1.0
2020-01-10,78.87,78.95,78.85,78.91,74.145316036792,56118,0.0000,1.0
2020-01-09,78.72,78.82,78.64,78.81,74.051354161191,31455,0.0000,1.0
2020-01-08,78.83,78.89,78.7,78.76,74.0043732233904,50939,0.0000,1.0
2020-01-07,78.95,78.95,78.88,78.88,74.1171274741117,22427,0.0000,1.0
2020-01-06,79.07,79.07,78.91,78.95,74.1829007870325,30179,0.0000,1.0
2020-01-03,78.76,79.02,78.76,79.0,74.229881724833,101875,0.0000,1.0
2020-01-02,78.72,78.83,78.7,78.76,74.0043732233904,41478,0.0000,1.0
2019-12-31,78.65,78.67,78.6,78.62,73.872826597549,20446,0.0000,1.0
2019-12-30,78.58,78.65,78.55,78.6,73.8540342224288,134684,0.0000,1.0
2019-12-27,78.8,78.8,78.74,78.78,74.0231655985107,38433,0.0000,1.0
2019-12-26,78.65,78.73,78.64,78.73,73.9761846607101,41650,0.0000,1.0
2019-12-24,78.51,78.66,78.51,78.63,73.8822227851091,35421,0.0000,1.0
2019-12-23,78.64,78.9,78.51,78.55,73.8070532846282,67475,1.0351,1.0
2019-12-20,79.59,79.66,79.55,79.64,73.8579674284231,25798,0.0000,1.0
2019-12-19,79.57,79.68,79.53,79.61,73.8301454919232,61927,0.0000,1.0
2019-12-18,79.71,79.74,79.58,79.64,73.8579674284231,205347,0.0000,1.0
2019-12-17,79.77,79.77,79.69,79.73,73.9414332379228,23577,0.0000,1.0
2019-12-16,79.8,79.8,79.68,79.73,73.9414332379228,21471,0.0000,1.0
2019-12-13,79.61,79.82,79.57,79.81,74.0156250685892,21768,0.0000,1.0
2019-12-12,79.82,79.83,79.53,79.57,73.7930495765899,21221,0.0000,1.0
2019-12-11,79.66,79.84,79.66,79.83,74.0341730262558,21160,0.0000,1.0
2019-12-10,79.7,79.71,79.63,79.66,73.8765153860897,17974,0.0000,1.0
2019-12-09,79.68,79.72,79.62,79.65,73.8672414072564,19028,0.0000,1.0
2019-12-06,79.6,79.68,79.6,79.62,73.8394194707565,16975,0.0000,1.0
2019-12-05,79.62,79.69,79.57,79.68,73.8950633437563,24232,0.0000,1.0
2019-12-04,79.9,79.9,79.77,79.84,74.0434470050891,38658,0.0000,1.0
2019-12-03,79.8,79.99,79.78,79.94,74.1361867934221,14916,0.0000,1.0
2019-12-02,79.58,79.6,79.49,79.6,73.8208715130898,20803,0.1182,1.0
2019-11-29,79.97,79.98,79.91,79.93,74.017003144091,8771,0.0000,1.0
2019-11-27,80.0,80.04,80.0,80.01,74.0910849688317,23985,0.0000,1.0
2019-11-26,80.04,80.08,80.04,80.06,74.1373861092947,101012,0.0000,1.0
2019-11-25,79.94,79.97,79.9,79.94,74.0262633721835,90509,0.0000,1.0
2019-11-22,79.9,79.9,79.83,79.89,73.9799622317206,23636,0.0000,1.0
2019-11-21,79.81,79.85,79.78,79.81,73.9058804069798,35106,0.0000,1.0
2019-11-20,79.89,79.95,79.86,79.94,74.0262633721835,40754,0.0000,1.0
2019-11-19,79.69,79.8,79.69,79.77,73.8688394946095,33500,0.0000,1.0
2019-11-18,79.71,79.74,79.66,79.71,73.8132781260539,39044,0.0000,1.0
2019-11-15,79.6,79.68,79.6,79.66,73.766976985591,15164,0.0000,1.0
2019-11-14,79.66,79.71,79.65,79.68,73.7854974417761,113248,0.0000,1.0
2019-11-13,79.47,79.54,79.46,79.5,73.6188133361095,52236,0.0000,1.0
2019-11-12,79.27,79.32,79.22,79.3,73.4336087742576,8084,0.0000,1.0
2019-11-11,79.25,79.36,79.23,79.27,73.4058280899798,13709,0.0000,1.0
2019-11-08,79.27,79.39,79.26,79.28,73.4150883180724,15408,0.0000,1.0
2019-11-07,79.45,79.46,79.19,79.32,73.4521292304428,25190,0.0000,1.0
2019-11-06,79.64,79.72,79.59,79.71,73.8132781260539,30620,0.0000,1.0
2019-11-05,79.65,79.65,79.54,79.61,73.720675845128,14030,0.0000,1.0
2019-11-04,79.89,79.89,79.8,79.82,73.9151406350724,21697,0.0000,1.0
2019-11-01,80.1,80.1,79.92,80.03,74.1096054250169,14848,0.1252,1.0
2019-10-31,80.06,80.26,80.06,80.22,74.169517975064,8062,0.0000,1.0
2019-10-30,79.81,79.95,79.79,79.95,73.9198823498675,13686,0.0000,1.0
2019-10-29,79.75,79.75,79.69,79.73,73.7164755441518,8349,0.0000,1.0
2019-10-28,79.75,79.75,79.61,79.69,73.6794924885671,22661,0.0000,1.0
2019-10-25,80.0,80.0,79.83,79.87,73.8459162386982,12295,0.0000,1.0
2019-10-24,79.98,80.07,79.98,80.03,73.9938484610368,9327,0.0000,1.0
2019-10-23,79.95,80.04,79.95,79.95,73.9198823498675,13631,0.0000,1.0
2019-10-22,79.92,79.92,79.8,79.89,73.8644077664905,8792,0.0000,1.0
2019-10-21,79.74,79.84,79.74,79.78,73.7627043636326,13887,0.0000,1.0
2019-10-18,79.93,79.99,79.93,79.93,73.9013908220752,12538,0.0000,1.0
2019-10-17,79.89,80.02,79.89,80.0,73.9661111693483,6236,0.0000,1.0
2019-10-16,79.86,79.94,79.86,79.88,73.8551620025943,219668,0.0000,1.0
2019-10-15,80.1,80.12,79.89,79.91,73.8828992942828,24246,0.0000,1.0
2019-10-14,80.1,80.11,80.05,80.11,74.0678145722062,45521,0.0000,1.0
2019-10-11,80.0,80.03,79.91,79.95,73.9198823498675,19984,0.0000,1.0
2019-10-10,80.34,80.34,80.19,80.19,74.1417806833755,16973,0.0000,1.0
2019-10-09,80.55,80.59,80.47,80.56,74.4838739475338,40930,0.0000,1.0
2019-10-08,80.61,80.6999,80.57,80.61,74.5301027670146,29809,0.0000,1.0
2019-10-07,80.67,80.67,80.57,80.58,74.5023654753261,22321,0.0000,1.0
2019-10-04,80.68,80.76,80.68,80.76,74.6687892254571,16618,0.0000,1.0
2019-10-03,80.57,80.74,80.53,80.69,74.604068878184,22124,0.0000,1.0
2019-10-02,80.39,80.45,80.38,80.4,74.3359417251951,18798,0.0000,1.0
2019-10-01,80.14,80.43,80.1,80.37,74.3082044335066,64123,0.1173,1.0
2019-09-30,80.31,80.46,80.31,80.43,74.2553034154076,22665,0.0000,1.0
2019-09-27,80.42,80.49,80.41,80.47,74.2922325728938,12730,0.0000,1.0
2019-09-26,80.38,80.47,80.38,80.42,74.246071126036,15886,0.0000,1.0
2019-09-25,80.55,80.55,80.32,80.36,74.1906773898067,24677,0.0000,1.0
2019-09-24,80.39,80.59,80.38,80.57,74.3845554666093,6922,0.0000,1.0
2019-09-23,80.37,80.48,80.37,80.4,74.2276065472929,15966,0.0000,1.0
2019-09-20,80.09,80.21,80.05,80.19,74.0337284704903,11773,0.0000,1.0
2019-09-19,80.04,80.08,79.99,79.99,73.8490826830592,26880,0.0000,1.0
2019-09-18,79.98,80.07,79.89,79.94,73.8029212362014,17689,0.0000,1.0
2019-09-17,79.76,79.84,79.73,79.8,73.6736691849997,5786,0.0000,1.0
2019-09-16,79.6,79.7,79.6,79.65,73.5351848444264,10845,0.0000,1.0
2019-09-13,79.68,79.71,79.4,79.41,73.3136098995091,21364,0.0000,1.0
2019-09-12,80.15,80.23,79.88,79.88,73.7475274999721,13476,0.0000,1.0
2019-09-11,79.95,80.07,79.95,79.98,73.8398503936877,23694,0.0000,1.0
2019-09-10,80.25,80.25,79.98,79.98,73.8398503936877,65544,0.0000,1.0
2019-09-09,80.42,80.43,80.32,80.36,74.1906773898067,16619,0.0000,1.0
2019-09-06,80.63,80.7,80.63,80.68,74.4861106496964,9133,0.0000,1.0
2019-09-05,80.69,80.69,80.45,80.54,74.3568585984947,23719,0.0000,1.0
2019-09-04,80.81,80.96,80.81,80.93,74.7169178839853,10402,0.0000,1.0
2019-09-03,80.9,81.11,80.9,81.0,74.7815439095861,24099,0.1377,1.0
2019-08-30,81.02,81.03,80.9,81.03,74.6822809001705,10001,0.0000,1.0
2019-08-29,81.05,81.15,80.96,81.07,74.7191473846331,12201,0.0000,1.0
2019-08-28,81.16,81.16,81.07,81.08,74.7283640057488,14505,0.0000,1.0
2019-08-27,80.78,80.92,80.78,80.87,74.53481496232,10730,0.0000,1.0
2019-08-26,80.73,80.78,80.66,80.66,74.3412659188912,10591,0.0000,1.0
2019-08-23,80.52,80.73,80.44,80.69,74.3689157822382,18115,0.0000,1.0
2019-08-22,80.52,80.55,80.48,80.49,74.184583359925,11797,0.0000,1.0
2019-08-21,80.63,80.74,80.6,80.68,74.3596991611225,15463,0.0000,1.0
2019-08-20,80.72,80.74,80.65,80.74,74.4149988878165,27213,0.0000,1.0
2019-08-19,80.54,80.63,80.5,80.58,74.2675329499659,13476,0.0000,1.0
2019-08-16,80.82,80.85,80.45,80.81,74.4795152356261,28636,0.0000,1.0
2019-08-15,80.58,80.96,80.58,80.86,74.5255983412043,13415,0.0000,1.0
2019-08-14,80.47,80.51,80.42,80.5,74.1937999810407,7284,0.0000,1.0
2019-08-13,80.29,80.29,80.13,80.25,73.9633844531493,11087,0.0000,1.0
2019-08-12,80.11,80.25,80.07,80.23,73.9449512109179,26011,0.0000,1.0
2019-08-09,80.03,80.1,79.95,79.95,73.6868858196795,14008,0.0000,1.0
2019-08-08,79.94,80.05,79.89,80.03,73.7606187886048,5780,0.0000,1.0
2019-08-07,80.34,80.34,80.13,80.13,73.8527849997614,11186,0.0000,1.0
2019-08-06,79.78,79.91,79.78,79.89,73.6315860929856,15973,0.0000,1.0
2019-08-05,79.82,79.83,79.74,79.83,73.5762863662917,16161,0.0000,1.0
2019-08-02,79.46,79.57,79.46,79.51,73.2813544905906,11835,0.0000,1.0
2019-08-01,79.2,79.47,79.19,79.44,73.216838142781,8036,0.1238,1.0
2019-07-31,79.15,79.27,79.15,79.22,72.900463749483,19827,0.0000,1.0
2019-07-30,79.11,79.13,79.07,79.11,72.7992386672759,17259,0.0000,1.0
2019-07-29,79.13,79.15,79.05,79.11,72.7992386672759,15832,0.0000,1.0
2019-07-26,79.09,79.09,79.04,79.04,72.7348227058714,15525,0.0000,1.0
2019-07-25,79.12,79.12,79.03,79.03,72.7256204256708,9417,0.0000,1.0
2019-07-24,79.09,79.12,79.09,79.11,72.7992386672759,7284,0.0000,1.0
2019-07-23,79.0,79.02,78.97,78.99,72.6888113048682,9559,0.0000,1.0
2019-07-22,79.04,79.04,78.96,79.0,72.6980135850688,15352,0.0000,1.0
2019-07-19,78.92,78.97,78.92,78.94,72.642799903865,13481,0.0000,1.0
2019-07-18,78.83,78.97,78.83,78.94,72.642799903865,4515,0.0000,1.0
2019-07-17,78.72,78.84,78.72,78.84,72.5507771018586,16622,0.0000,1.0
2019-07-16,78.62,78.67,78.54,78.64,72.3667314978457,11383,0.0000,1.0
2019-07-15,78.62,78.67,78.61,78.66,72.385136058247,12573,0.0000,1.0
2019-07-12,78.5,78.51,78.43,78.49,72.2286972948361,4262,0.0000,1.0
2019-07-11,78.64,78.67,78.48,78.52,72.256304135438,21789,0.0000,1.0
2019-07-10,78.75,78.75,78.69,78.71,72.4311474592502,9779,0.0000,1.0
2019-07-09,78.81,78.81,78.76,78.78,72.4955634206547,14725,0.0000,1.0
2019-07-08,78.88,78.91,78.82,78.83,72.5415748216579,15919,0.0000,1.0
2019-07-05,78.84,78.84,78.7,78.83,72.5415748216579,18274,0.0000,1.0
2019-07-03,79.0,79.08,79.0,79.06,72.7532272662727,7883,0.0000,1.0
2019-07-02,78.69,78.85,78.69,78.82,72.5323725414573,11421,0.0000,1.0
2019-07-01,78.68,78.73,78.61,78.67,72.3943383384477,25943,0.1190,1.0
2019-06-28,78.73,78.79,78.72,78.78,72.3860687951733,10788,0.0000,1.0
2019-06-27,78.62,78.72,78.56,78.71,72.3217501252614,13640,0.0000,1.0
2019-06-26,78.69,78.69,78.56,78.56,72.1839244040215,12463,0.0000,1.0
2019-06-25,78.77,78.77,78.65,78.72,72.3309385066774,22830,0.0000,1.0
2019-06-24,78.62,78.68,78.62,78.68,72.2941849810134,11600,0.0000,1.0
2019-06-21,78.59,78.59,78.48,78.52,72.1471708783575,12674,0.0000,1.0
2019-06-20,78.75,78.81,78.7,78.72,72.3309385066774,12964,0.0000,1.0
2019-06-19,78.36,78.59,78.3301,78.58,72.2023011668535,12099,0.0000,1.0
2019-06-18,78.41,78.51,78.41,78.43,72.0644754456136,11582,0.0000,1.0
2019-06-17,78.16,78.2,78.14,78.18,71.8347659102139,21357,0.0000,1.0
2019-06-14,78.11,78.19,78.11,78.17,71.8255775287979,9655,0.0000,1.0
2019-06-13,78.05,78.15,78.05,78.12,71.7796356217179,15265,0.0000,1.0
2019-06-12,77.94,78.02,77.94,78.0,71.669375044726,4314,0.0000,1.0
2019-06-11,77.93,77.95,77.91,77.93,71.6050563748141,8215,0.0000,1.0
2019-06-10,77.92,77.95,77.9,77.91,71.5866796119821,11948,0.0000,1.0
2019-06-07,78.03,78.1049,78.01,78.0445,71.7102633420272,12582,0.0000,1.0
2019-06-06,77.88,77.93,77.88,77.9,71.5774912305661,11270,0.0000,1.0
2019-06-05,77.88,77.88,77.81,77.82,71.5039841792382,8684,0.0000,1.0
2019-06-04,77.86,77.86,77.74,77.7484,71.4381953682997,5212,0.0000,1.0
2019-06-03,77.74,77.81,77.67,77.81,71.4947957978222,19470,0.1237,1.0
2019-05-31,77.69,77.79,77.66,77.79,71.3629683322182,21328,0.0000,1.0
2019-05-30,77.47,77.56,77.43,77.56,71.1519709968741,32553,0.0000,1.0
2019-05-29,77.48,77.48,77.43,77.45,71.0510592277966,9611,0.0000,1.0
2019-05-28,77.28,77.39,77.28,77.39,70.9960164446634,5590,0.0000,1.0
2019-05-24,77.21,77.28,77.19,77.28,70.8951046755858,8107,0.0000,1.0
2019-05-23,77.13,77.26,77.09,77.22,70.8400618924526,5009,0.0000,1.0
2019-05-22,76.94,77.04,76.94,77.04,70.6749335430529,2632,0.0000,1.0
2019-05-21,76.93,76.93,76.88,76.88,70.528152788031,10285,0.0000,1.0
2019-05-20,77.03,77.03,76.91,76.91,70.5556741795976,5599,0.0000,1.0
2019-05-17,77.03,77.03,76.93,76.98,70.6198907599197,6580,0.0000,1.0
2019-05-16,76.92,77.01,76.91,76.91,70.5556741795976,10738,0.0000,1.0
2019-05-15,77.02,77.02,76.94,77.0,70.6382383542974,5403,0.0000,1.0
2019-05-14,76.85,76.9,76.82,76.87,70.5189789908421,16914,0.0000,1.0
2019-05-13,76.81,76.87,76.76,76.85,70.5006313964644,5228,0.0000,1.0
2019-05-10,76.74,76.8,76.68,76.7,70.3630244386313,13799,0.0000,1.0
2019-05-09,76.77,76.79,76.7,76.74,70.3997196273868,19289,0.0000,1.0
2019-05-08,76.7,76.82,76.7,76.71,70.3721982358202,4801,0.0000,1.0
2019-05-07,76.61,76.77,76.61,76.7,70.3630244386313,10438,0.0000,1.0
2019-05-06,76.65,76.66,76.55,76.61,70.2804602639315,24444,0.0000,1.0
2019-05-03,76.62,76.63,76.57,76.58,70.2529388723649,7431,0.0000,1.0
2019-05-02,76.61,76.61,76.49,76.51,70.1887222920428,18670,0.0000,1.0
2019-05-01,76.58,76.71,76.58,76.59,70.2621126695538,10426,0.1269,1.0
2019-04-30,76.53,76.73,76.53,76.71,70.2557932200267,12370,0.0000,1.0
2019-04-29,76.66,76.68,76.64,76.64,70.1916828625062,11648,0.0000,1.0
2019-04-26,76.74,76.76,76.725,76.74,70.2832690875355,3928,0.0000,1.0
2019-04-25,76.64,76.66,76.48,76.6,70.1550483724944,22915,0.0000,1.0
2019-04-24,76.58,76.65,76.58,76.64,70.1916828625062,12830,0.0000,1.0
2019-04-23,76.45,76.48,76.42,76.48,70.0451449024592,24434,0.0000,1.0
2019-04-22,76.41,76.41,76.35,76.36,69.935241432424,13082,0.0000,1.0
2019-04-18,76.35,76.44,76.35,76.42,69.9901931674416,7161,0.0000,1.0
2019-04-17,76.25,76.31,76.25,76.27,69.8528138298975,6518,0.0000,1.0
2019-04-16,76.37,76.37,76.275,76.275,69.857393141149,19823,0.0000,1.0
2019-04-15,76.36,76.4,76.36,76.38,69.9535586774298,9193,0.0000,1.0
2019-04-12,76.38,76.46,76.38,76.41,69.9810345449386,3695,0.0000,1.0
2019-04-11,76.6,76.6,76.51,76.51,70.072620769968,7681,0.0000,1.0
2019-04-10,76.51,76.62,76.51,76.61,70.1642069949974,10852,0.0000,1.0
2019-04-09,76.45,76.56,76.45,76.53,70.0909380149739,13805,0.0000,1.0
2019-04-08,76.48,76.48,76.43,76.44,70.0085104124474,19960,0.0000,1.0
2019-04-05,76.43,76.48,76.41,76.48,70.0451449024592,9872,0.0000,1.0
2019-04-04,76.4,76.47,76.37,76.46,70.0268276574533,2443,0.0000,1.0
2019-04-03,76.52,76.52,76.34,76.35,69.926082809921,11277,0.0000,1.0
2019-04-02,76.44,76.55,76.44,76.52,70.0817793924709,9974,0.0000,1.0
2019-04-01,76.6,76.6,76.44,76.44,70.0085104124474,22058,0.1258,1.0
2019-03-29,76.75,76.85,76.72,76.84,70.2592272279851,20289,0.0000,1.0
2019-03-28,76.87,76.91,76.84,76.87,70.2866579517857,11787,0.0000,1.0
2019-03-27,76.82,76.91,76.82,76.89,70.3049451009861,22433,0.0000,1.0
2019-03-26,76.66,76.74,76.66,76.71,70.1403607581824,7254,0.0000,1.0
2019-03-25,76.66,76.83,76.62,76.75,70.1769350565832,15794,0.0000,1.0
2019-03-22,76.61,76.64,76.6,76.6,70.0397814375801,3645,0.0000,1.0
2019-03-21,76.37,76.37,76.29,76.31,69.7746177741742,9364,0.0000,1.0
2019-03-20,76.02,76.22,76.02,76.22,69.6923256027723,6639,0.0000,1.0
2019-03-19,75.98,76.0496,75.96,76.04,69.5277412599686,18342,0.0000,1.0
2019-03-18,75.94,76.02,75.94,75.99,69.4820233869676,6330,0.0000,1.0
2019-03-15,76.035,76.045,75.995,76.02,69.5094541107682,9982,0.0000,1.0
2019-03-14,75.96,75.97,75.91,75.93,69.4271619393663,11837,0.0000,1.0
2019-03-13,75.95,75.97,75.94,75.97,69.4637362377672,8230,0.0000,1.0
2019-03-12,75.87,75.97,75.87,75.97,69.4637362377672,5888,0.0000,1.0
2019-03-11,75.9,75.9,75.86,75.87,69.3723004917651,14091,0.0000,1.0
2019-03-08,75.84,75.91,75.82,75.88,69.3814440663653,6923,0.0000,1.0
2019-03-07,75.74,75.85,75.72,75.83,69.3357261933643,26467,0.0000,1.0
2019-03-06,75.54,75.61,75.54,75.6,69.1254239775595,10213,0.0000,1.0
2019-03-05,75.4,75.48,75.39,75.48,69.0157010823571,9302,0.0000,1.0
2019-03-04,75.36,75.4,75.32,75.4,68.9425524855554,12100,0.0000,1.0
2019-03-01,75.34,75.34,75.28,75.28,68.8328295903529,7780,0.1160,1.0
2019-02-28,75.58,75.58,75.48,75.52,68.946035474872,4900,0.0000,1.0
2019-02-27,75.7,75.7,75.55,75.62,69.0373305430326,17784,0.0000,1.0
2019-02-26,75.78,75.78,75.7,75.72,69.1286256111932,4081,0.0000,1.0
2019-02-25,75.7,75.72,75.6506,75.66,69.0738485702969,21200,0.0000,1.0
2019-02-22,75.71,75.75,75.6705,75.75,69.1560141316414,4786,0.0000,1.0
2019-02-21,75.6,75.62,75.575,75.591,69.0108549732661,7127,0.0000,1.0
2019-02-20,75.59,75.7,75.59,75.65,69.0647190634808,31792,0.0000,1.0
2019-02-19,75.56,75.678,75.56,75.655,69.0692838168888,7380,0.0000,1.0
2019-02-15,75.49,75.63,75.49,75.6,69.0190715294005,17351,0.0000,1.0
2019-02-14,75.67,75.67,75.55,75.55,68.9734239953202,9513,0.0000,1.0
2019-02-13,75.41,75.5,75.41,75.46,68.8912584339757,6197,0.0000,1.0
2019-02-12,75.56,75.58,75.51,75.51,68.936905968056,17592,0.0000,1.0
2019-02-11,75.54,75.61,75.54,75.57,68.9916830089523,9957,0.0000,1.0
2019-02-08,75.57,75.63,75.55,75.61,69.0282010362166,10552,0.0000,1.0
2019-02-07,75.51,75.52,75.46,75.51,68.936905968056,3514,0.0000,1.0
2019-02-06,75.47,75.48,75.4,75.44,68.8729994203436,8139,0.0000,1.0
2019-02-05,75.36,75.47,75.36,75.42,68.8547404067115,5554,0.0000,1.0
2019-02-04,75.34,75.35,75.23,75.3,68.7451863249188,37416,0.0000,1.0
2019-02-01,75.43,75.43,75.32,75.37,68.8090928726312,5865,0.1256,1.0
2019-01-31,75.55,75.62,75.55,75.59,68.8951320373928,24454,0.0000,1.0
2019-01-30,75.3,75.41,75.26,75.41,68.7310743079745,8197,0.0000,1.0
2019-01-29,75.28,75.33,75.23,75.3,68.6308168066633,8913,0.0000,1.0
2019-01-28,75.2,75.24,75.14,75.14,68.484987713847,26331,0.0000,1.0
2019-01-25,75.16,75.24,75.16,75.24,68.5761308968572,28454,0.0000,1.0
2019-01-24,75.25,75.27,75.23,75.24,68.5761308968572,2059,0.0000,1.0
2019-01-23,75.01,75.12,75.01,75.07,68.4211874857398,16349,0.0000,1.0
2019-01-22,74.91,75.0496,74.91,75.02,68.3756158942348,24072,0.0000,1.0
2019-01-18,74.92,74.92,74.85,74.89,68.2571297563215,14617,0.0000,1.0
2019-01-17,74.97,74.97,74.92,74.93,68.2935870295256,7723,0.0000,1.0
2019-01-16,74.85,74.96,74.84,74.89,68.2571297563215,15775,0.0000,1.0
2019-01-15,74.96,74.96,74.83,74.89,68.2571297563215,8754,0.0000,1.0
2019-01-14,74.8,74.86,74.78,74.78,68.1568722550104,10851,0.0000,1.0
2019-01-11,74.86,74.91,74.8,74.83,68.2024438465154,43125,0.0000,1.0
2019-01-10,74.82,74.83,74.68,74.72,68.1021863452042,8013,0.0000,1.0
2019-01-09,74.76,74.83,74.71,74.83,68.2024438465154,6877,0.0000,1.0
2019-01-08,74.73,74.75,74.62,74.62,68.0110431621941,15022,0.0000,1.0
2019-01-07,74.95,74.95,74.73,74.73,68.1113006635053,11520,0.0000,1.0
2019-01-04,74.9,74.97,74.85,74.91,68.2753583929236,13824,0.0000,1.0
2019-01-03,74.95,75.14,74.9,75.05,68.4029588491378,10041,0.0000,1.0
2019-01-02,74.88,74.96,74.88,74.96,68.3209299844287,52551,0.0000,1.0
2018-12-31,74.65,74.85,74.6286,74.7885,68.1646194255662,33278,0.0000,1.0
2018-12-28,74.61,74.69,74.5476,74.615,68.0064860030435,32250,0.0000,1.0
2018-12-27,74.53,74.75,74.53,74.65,68.0383861170971,17017,0.0000,1.0
2018-12-26,74.63,74.63,74.45,74.47,67.8743283876788,10949,0.0000,1.0
2018-12-24,74.62,74.62,74.51,74.54,67.9381286157859,20697,0.8756,1.0
2018-12-21,75.46,75.46,75.33,75.35,67.8790328685241,45029,0.0000,1.0
2018-12-20,75.51,75.56,75.4,75.47,67.9871348452225,43781,0.0000,1.0
2018-12-19,75.37,75.53,75.37,75.48,67.9961433432807,30901,0.0000,1.0
2018-12-18,75.24,75.39,75.23,75.38,67.9060583626987,64429,0.0000,1.0
2018-12-17,75.09,75.25,75.09,75.25,67.7889478879422,23473,0.0000,1.0
2018-12-14,75.15,75.21,75.11,75.17,67.7168799034766,42675,0.0000,1.0
2018-12-13,75.0,75.11,75.0,75.09,67.644811919011,7051,0.0000,1.0
2018-12-12,75.02,75.08,75.02,75.04,67.59976942872,21514,0.0000,1.0
2018-12-11,75.01,75.18,75.01,75.11,67.6628289151274,11772,0.0000,1.0
2018-12-10,75.1,75.14,74.99,75.12,67.6718374131856,20601,0.0000,1.0
2018-12-07,74.97,75.07,74.92,75.07,67.6267949228946,9767,0.0000,1.0
2018-12-06,75.05,75.06,74.937,74.937,67.5069818987206,15525,0.0000,1.0
2018-12-04,74.8,74.92,74.78,74.86,67.4376164636724,12478,0.0000,1.0
2018-12-03,74.61,74.7,74.61,74.66,67.2574465025085,28024,0.1246,1.0
2018-11-30,74.73,74.73,74.69,74.7,67.1813615869762,27412,0.0000,1.0
2018-11-29,74.72,74.72,74.62,74.67,67.1543811204754,14914,0.0000,1.0
2018-11-28,74.59,74.66,74.55,74.6,67.0914266986402,15155,0.0000,1.0
2018-11-27,74.6,74.63,74.56,74.6,67.0914266986402,11517,0.0000,1.0
2018-11-26,74.57,74.57,74.52,74.54,67.0374657656387,20132,0.0000,1.0
2018-11-23,74.53,74.5999,74.53,74.58,67.0734397209731,4477,0.0000,1.0
2018-11-21,74.51,74.53,74.48,74.53,67.0284722768051,163376,0.0000,1.0
2018-11-20,74.49,74.5,74.46,74.48,66.9835048326371,24086,0.0000,1.0
2018-11-19,74.5,74.5,74.46,74.49,66.9924983214707,96718,0.0000,1.0
2018-11-16,74.47,74.49,74.46,74.47,66.9745113438035,48216,0.0000,1.0
2018-11-15,74.39,74.44,74.38,74.38,66.8935699443011,3439,0.0000,1.0
2018-11-14,74.33,74.35,74.28,74.35,66.8665894778003,13422,0.0000,1.0
2018-11-13,74.38,74.38,74.32,74.33,66.8486025001331,8873,0.0000,1.0
2018-11-12,74.44,74.44,74.35,74.35,66.8665894778003,3951,0.0000,1.0
2018-11-09,74.1,74.3,74.1,74.28,66.8036350559651,7709,0.0000,1.0
2018-11-08,74.27,74.27,74.17,74.17,66.7047066787955,2015,0.0000,1.0
2018-11-07,74.26,74.26,74.21,74.22,66.7496741229635,2087,0.0000,1.0
2018-11-06,74.28,74.28,74.21,74.21,66.7406806341299,6715,0.0000,1.0
2018-11-05,74.2,74.26,74.19,74.22,66.7496741229635,2133,0.0000,1.0
2018-11-02,74.29,74.29,74.18,74.18,66.7137001676291,5799,0.0000,1.0
2018-11-01,74.33,74.33,74.3,74.31,66.8306155224659,1189,0.1261,1.0
2018-10-31,74.48,74.48,74.42,74.43,66.8251387879959,17480,0.0000,1.0
2018-10-30,74.58,74.58,74.46,74.46,66.8520735476847,2139,0.0000,1.0
2018-10-29,74.52,74.64,74.52,74.64,67.0136821058177,8266,0.0000,1.0
2018-10-26,74.66,74.72,74.63,74.67,67.0406168655065,19342,0.0000,1.0
2018-10-25,74.45,74.51,74.44,74.5,66.8879865606031,3321,0.0000,1.0
2018-10-24,74.48,74.51,74.48,74.51,66.8969648138328,6484,0.0000,1.0
2018-10-23,74.35,74.44,74.35,74.44,66.8341170412255,6375,0.0000,1.0
2018-10-22,74.29,74.32,74.27,74.29,66.6994432427813,9690,0.0000,1.0
2018-10-19,74.3,74.3,74.28,74.29,66.6994432427813,5178,0.0000,1.0
2018-10-18,74.31,74.36,74.19,74.33,66.7353562556997,5508,0.0000,1.0
2018-10-17,74.42,74.42,74.32,74.32,66.7263780024701,9675,0.0000,1.0
2018-10-16,74.35,74.36,74.3,74.35,66.753312762159,7793,0.0000,1.0
2018-10-15,74.36,74.36,74.28,74.29,66.6994432427813,6009,0.0000,1.0
2018-10-12,74.29,74.35,74.22,74.3,66.7084214960109,7871,0.0000,1.0
2018-10-11,74.25,74.29,74.18,74.27,66.6814867363221,12650,0.0000,1.0
2018-10-10,74.08,74.12,74.03,74.12,66.5468129378779,13314,0.0000,1.0
2018-10-09,74.1,74.14,74.08,74.14,66.5647694443371,4607,0.0000,1.0
2018-10-08,74.18,74.18,74.05,74.09,66.5198781781891,5951,0.0000,1.0
2018-10-05,74.18,74.18,74.02,74.05,66.4839651652706,11478,0.0000,1.0
2018-10-04,74.32,74.32,74.2,74.22,66.636595470174,14869,0.0000,1.0
2018-10-03,74.62,74.62,74.35,74.38,66.7802475218478,14535,0.0000,1.0
2018-10-02,74.57,74.65,74.57,74.65,67.0226603590473,8339,0.0000,1.0
2018-10-01,74.6,74.6,74.55,74.55,66.9328778267512,11682,0.1177,1.0
2018-09-28,74.86,74.86,74.78,74.78,67.0335446770753,12206,0.0000,1.0
2018-09-27,74.8,74.81,74.73,74.81,67.0604369790318,14546,0.0000,1.0
2018-09-26,74.75,74.77,74.67,74.76,67.0156164757709,10926,0.0000,1.0
2018-09-25,74.64,74.64,74.57,74.6,66.8721908653359,19144,0.0000,1.0
2018-09-24,74.72,74.72,74.65,74.65,66.9170113685968,28116,0.0000,1.0
2018-09-21,74.81,74.81,74.75,74.77,67.0245805764231,23145,0.0000,1.0
2018-09-20,74.7,74.77,74.67,74.74,66.9976882744665,18788,0.0000,1.0
2018-09-19,74.78,74.78,74.67,74.7,66.9618318718578,24594,0.0000,1.0
2018-09-18,74.91,74.91,74.79,74.8,67.0514728783797,17420,0.0000,1.0
2018-09-17,74.89,74.93,74.85,74.9,67.1411138849016,26918,0.0000,1.0
2018-09-14,74.93,74.93,74.87,74.88,67.1231856835972,32996,0.0000,1.0
2018-09-13,75.07,75.07,74.97,74.97,67.2038625894669,24309,0.0000,1.0
2018-09-12,74.97,75.0,74.97,74.97,67.2038625894669,33557,0.0000,1.0
2018-09-11,74.99,74.99,74.88,74.925,67.163524136532,99696,0.0000,1.0
2018-09-10,75.0,75.04,74.95,75.0,67.2307548914235,57187,0.0000,1.0
2018-09-07,75.05,75.05,74.94,74.96,67.1948984888147,60351,0.0000,1.0
2018-09-06,75.09,75.15,75.09,75.13,67.3472881999019,33125,0.0000,1.0
