2023-02-22,91.5200,91.7100,90.1450,90.4200,90.4200,5059232,0.0000
2023-02-17,92.4300,93.7980,91.5900,92.2800,92.2800,11385793,0.0000
2023-02-10,92.7200,93.9170,91.7700,92.2500,92.2500,9429396,0.0000
2023-02-03,92.2200,94.8740,91.5900,93.5000,93.5000,10262330,0.0000
2023-01-27,91.0500,93.2400,90.7000,92.8500,92.8500,10626500,0.0000
2023-01-20,91.0400,91.7400,89.2750,91.0700,91.0700,13229587,0.0000
2023-01-13,89.0000,91.1500,88.2188,91.0800,91.0800,16747846,0.0000
2023-01-06,86.8800,88.5500,85.7110,88.3800,88.3800,10496577,0.0000
2022-12-30,86.3800,86.8550,85.1800,86.1900,86.1900,19007194,0.0000
2022-12-23,86.3000,87.1800,84.8200,86.3100,86.3100,15850997,0.6381
2022-12-16,88.7200,91.8900,86.4001,86.8000,86.1580,17503086,0.0000
2022-12-09,90.5700,90.6800,88.0608,88.5600,87.9050,16090557,0.0000
2022-12-02,88.9600,91.6000,88.1300,91.0200,90.3468,13787470,0.0000
2022-11-25,87.6900,89.6750,87.2100,89.5600,88.8976,8133582,0.0000
2022-11-18,88.4700,89.7500,86.9510,88.1700,87.5179,11021386,0.0000
2022-11-11,83.9200,89.0700,83.0300,88.8900,88.2326,10401676,0.0000
2022-11-04,83.7900,85.1800,81.0800,83.5900,82.9718,12142118,0.0000
2022-10-28,81.8100,84.6200,81.0701,84.5100,83.8850,13174517,0.0000
2022-10-21,80.2600,82.4000,79.6600,81.9600,81.3538,14635149,0.0000
2022-10-14,80.3800,81.1900,76.8000,78.6800,78.0981,17269111,0.0000
2022-10-07,79.8100,83.6500,79.3600,80.2500,79.6565,13258771,0.0000
2022-09-30,80.4500,81.5700,78.8700,78.8800,78.2966,13669347,0.0000
2022-09-23,84.5200,85.8400,80.0000,80.8300,80.2322,11483712,0.4026
2022-09-16,90.1100,90.7000,85.0400,85.7100,84.6789,8645912,0.0000
2022-09-09,86.6900,89.5750,85.7300,89.4500,88.3739,6687764,0.0000
2022-09-02,89.0000,89.6700,86.0700,86.5400,85.4989,8188365,0.0000
2022-08-26,91.4000,92.3900,89.5400,89.5600,88.4826,5490703,0.0000
2022-08-19,93.7400,94.8000,92.2209,92.4300,91.3181,6585453,0.0000
2022-08-12,91.9700,94.3500,90.8272,94.3500,93.2150,6791326,0.0000
2022-08-05,90.9500,91.7900,90.1700,91.3800,90.2807,7528630,0.0000
2022-07-29,88.3200,91.3600,87.1000,91.3000,90.2017,10743714,0.0000
2022-07-22,86.4500,89.1400,85.1050,87.9700,86.9117,9364221,0.0000
2022-07-15,86.0200,86.0900,82.7500,85.4800,84.4517,13742939,0.0000
2022-07-08,84.2500,87.2000,83.7000,86.8000,85.7558,12992035,0.0000
2022-07-01,87.9000,88.5000,84.1396,85.8700,84.8370,11576688,0.0000
2022-06-24,84.7400,87.7300,83.8900,87.7100,86.6548,13146443,0.5978
2022-06-17,86.6100,87.4800,83.2400,83.9700,82.3813,18089584,0.0000
2022-06-10,94.3500,94.5500,88.7300,88.8300,87.1493,12978748,0.0000
2022-06-03,93.9700,94.7300,92.3100,93.2100,91.4464,8738929,0.0000
2022-05-27,90.1200,94.0100,88.7700,94.0100,92.2313,11576420,0.0000
2022-05-20,89.9500,91.9500,87.6000,89.3500,87.6595,18798908,0.0000
2022-05-13,90.5400,90.6800,86.6350,90.3600,88.6504,31846533,0.0000
2022-05-06,92.9700,96.2700,90.9550,91.9400,90.2005,36709682,0.0000
2022-04-29,95.0100,95.9700,92.9850,93.0900,91.3287,19040458,0.0000
2022-04-22,98.2700,100.5400,95.7000,95.7800,93.9678,12100538,0.0000
2022-04-14,99.5100,99.8300,98.0500,98.6000,96.7345,9265007,0.0000
2022-04-08,102.0800,102.8000,99.3500,100.1500,98.2551,14379801,0.0000
2022-04-01,101.2000,103.4800,100.6700,101.9400,100.0113,11082095,0.0000
2022-03-25,100.3200,101.4850,99.4200,101.4300,99.5109,8180847,0.2572
2022-03-18,95.0700,100.8190,93.8450,100.6800,98.5221,12761537,0.0000
2022-03-11,96.6200,97.0200,93.1900,94.6600,92.6312,20590294,0.0000
2022-03-04,98.8500,100.1800,96.0900,96.9900,94.9112,26701781,0.0000
2022-02-25,99.5900,100.3200,94.5200,100.2900,98.1405,27993351,0.0000
2022-02-18,101.1400,103.2100,99.8800,100.2800,98.1307,31536917,0.0000
2022-02-11,102.4500,104.9500,101.0400,101.4100,99.2365,18762655,0.0000
2022-02-04,100.5000,104.1100,100.3500,102.3700,100.1759,15494673,0.0000
2022-01-28,99.5100,101.8399,97.2000,100.4100,98.2579,27393770,0.0000
2022-01-21,104.9200,105.2000,101.0200,101.1100,98.9429,13461034,0.0000
2022-01-14,105.2200,107.8000,104.0030,106.1200,103.8455,12505340,0.0000
2022-01-07,107.9100,108.5800,105.4900,106.0000,103.7281,14313399,0.0000
2021-12-31,107.0000,108.1800,106.9190,107.4300,105.1275,11676765,0.0000
2021-12-23,103.2400,107.0200,102.5600,106.7600,104.4718,14500327,0.7850
2021-12-17,106.7700,107.3300,104.6900,105.1000,102.0722,14021735,0.0000
2021-12-10,104.2900,107.5700,103.7400,107.0800,103.9951,14260973,0.0000
2021-12-03,106.0400,106.2599,102.9250,103.7900,100.7999,19327268,0.0000
2021-11-26,108.4400,108.8100,104.6150,104.9300,101.9071,8985020,0.0000
2021-11-19,109.2200,109.3100,108.0100,108.2200,105.1023,9097499,0.0000
2021-11-12,109.2300,109.3880,107.5600,108.9400,105.8016,8091821,0.0000
2021-11-05,107.4200,109.3100,107.1900,109.0000,105.8598,6374855,0.0000
2021-10-29,106.7600,107.6300,106.3400,107.0700,103.9854,6598781,0.0000
2021-10-22,104.8900,107.0900,104.7600,106.6900,103.6164,6322900,0.0000
2021-10-15,103.2000,105.5200,102.3700,105.4300,102.3927,9224655,0.0000
2021-10-08,102.3300,103.8100,100.7000,103.1500,100.1784,9666801,0.0000
2021-10-01,104.7100,105.0100,101.3000,102.6500,99.6928,14094560,0.0000
2021-09-24,102.8700,105.5800,101.6910,104.9000,101.8780,10655471,0.4120
2021-09-17,106.7500,106.7500,104.9200,105.1000,101.6647,9082157,0.0000
2021-09-10,107.6200,107.6450,105.9400,106.0000,102.5353,10422991,0.0000
2021-09-03,106.4200,107.7400,106.2500,107.6500,104.1314,7190801,0.0000
2021-08-27,104.5700,106.3700,104.5700,106.3100,102.8352,6063306,0.0000
2021-08-20,105.3200,105.6400,102.8298,104.0400,100.6394,5540514,0.0000
2021-08-13,105.2100,105.8800,104.9300,105.8800,102.4192,8484620,0.0000
2021-08-06,104.8500,105.4000,104.0500,105.1900,101.7518,8263792,0.0000
2021-07-30,104.1600,105.1000,103.0115,104.2500,100.8425,12735312,0.0000
2021-07-23,101.7500,104.6300,100.8800,104.5800,101.1617,12395747,0.0000
2021-07-16,104.3100,104.8300,102.9300,103.0800,99.7108,14020566,0.0000
2021-07-09,104.3900,104.4950,102.2600,104.4900,101.0747,24881039,0.0000
2021-07-02,103.9800,104.4400,103.4200,104.4300,101.0166,8393600,0.0000
2021-06-25,101.7700,104.0400,101.5600,103.9800,100.5813,7294738,0.5049
2021-06-18,104.3000,104.5100,101.7800,101.8200,98.0102,6814188,0.0000
2021-06-11,103.8500,104.3300,103.5100,104.3300,100.4262,7010497,0.0000
2021-06-04,103.8200,103.8850,102.4000,103.8600,99.9738,6132976,0.0000
2021-05-28,101.8800,103.1800,101.7600,102.9100,99.0594,8693779,0.0000
2021-05-21,100.8600,102.0000,99.2100,101.3900,97.5962,8780987,0.0000
2021-05-14,102.9100,102.9500,98.5650,101.2900,97.5000,11408733,0.0000
2021-05-07,101.9500,102.9889,99.9600,102.8700,99.0209,8990559,0.0000
2021-04-30,101.8900,102.7800,101.0800,101.3100,97.5192,7545169,0.0000
2021-04-23,101.6900,102.0400,99.8800,101.7800,97.9716,8411475,0.0000
2021-04-16,100.1000,101.8900,99.8350,101.8300,98.0198,7790271,0.0000
2021-04-09,99.1900,100.3400,99.0800,100.3400,96.5855,7474742,0.0000
2021-04-01,97.0100,98.5900,96.5200,98.5700,94.8818,10467390,0.0000
2021-03-26,97.0000,97.7200,94.6400,97.4900,93.8422,14508418,0.2531
2021-03-19,97.7600,98.7750,96.5100,97.2400,93.3590,7449601,0.0000
2021-03-12,95.1900,98.1100,94.5900,97.8300,93.9254,10529344,0.0000
2021-03-05,96.1400,97.3250,92.9500,95.3400,91.5348,19112944,0.0000
2021-02-26,97.2500,98.0100,94.3200,94.8400,91.0548,10495050,0.0000
2021-02-19,99.0700,99.1900,97.0825,98.1100,94.1943,4079291,0.0000
2021-02-12,97.0500,98.5800,96.9200,98.5800,94.6455,5155812,0.0000
2021-02-05,93.4200,96.6900,92.9500,96.6500,92.7925,6991951,0.0000
2021-01-29,95.8300,96.2400,91.8550,92.3700,88.6833,14504192,0.0000
2021-01-22,95.1500,96.4202,94.7650,95.8300,92.0052,9942410,0.0000
2021-01-15,94.3600,95.7500,93.7657,94.2800,90.5171,7035273,0.0000
2021-01-08,93.4400,95.5300,91.2800,95.5300,91.7172,14612087,0.0000
2020-12-31,92.1700,92.8988,91.9600,92.5800,88.8850,6550079,0.0000
2020-12-24,90.1000,91.6758,89.7400,91.5900,87.9345,5673222,0.5524
2020-12-18,91.3600,92.6300,90.5500,92.2600,88.0436,6398565,0.0000
2020-12-11,91.0200,91.6800,90.1750,90.7700,86.6217,4924972,0.0000
2020-12-04,89.5000,91.3100,88.5100,91.3100,87.1370,6268006,0.0000
2020-11-27,88.2200,89.8590,87.6600,89.7700,85.6674,3868269,0.0000
2020-11-20,88.0300,88.3450,86.9261,87.7000,83.6920,6109018,0.0000
2020-11-13,88.7100,88.7291,85.5700,87.1300,83.1480,8676618,0.0000
2020-11-06,79.8600,85.1300,79.2700,84.8700,80.9913,7868521,0.0000
2020-10-30,82.4900,82.6800,78.2800,78.9900,75.3800,10482627,0.0000
2020-10-23,83.7500,83.9100,82.2700,83.4500,79.6362,4750298,0.0000
2020-10-16,84.1800,84.8900,82.3300,83.3600,79.5503,5831603,0.0000
2020-10-09,81.3100,83.8100,81.1300,83.7200,79.8939,5976605,0.0000
2020-10-02,80.3900,81.4100,80.0400,80.7700,77.0787,6997898,0.0000
2020-09-25,79.3800,80.1050,77.6400,79.3000,75.6759,7396464,0.4025
2020-09-18,81.7300,83.1500,80.6400,81.1500,77.0516,5938894,0.0000
2020-09-11,80.7800,82.3900,80.2300,80.9500,76.8617,9976904,0.0000
2020-09-04,83.7700,85.1850,80.4850,82.2100,78.0580,6083945,0.0000
2020-08-28,82.6300,83.9900,82.2450,83.9700,79.7291,4920048,0.0000
2020-08-21,81.8700,82.3100,80.9222,81.7600,77.6308,5625695,0.0000
2020-08-14,80.8200,82.0300,80.3911,81.5000,77.3839,3949988,0.0000
2020-08-07,79.2900,81.0000,79.1800,80.6900,76.6148,4541951,0.0000
2020-07-31,78.6900,79.7300,77.8400,78.7600,74.7823,5593330,0.0000
2020-07-24,78.3600,79.7000,77.9100,78.2900,74.3360,10819373,0.0000
2020-07-17,77.8900,78.7600,76.2600,78.3000,74.3455,8323612,0.0000
2020-07-10,77.2300,77.5300,75.9500,77.3600,73.4530,5717571,0.0000
2020-07-02,73.7200,76.7300,73.2100,75.9800,72.1427,7137477,0.0000
2020-06-26,75.0000,76.4200,73.3300,73.4400,69.7309,11243294,0.3600
2020-06-19,72.5100,76.5200,72.2700,75.2600,71.1202,11727195,0.0000
2020-06-12,77.7200,78.4400,72.8100,74.0700,69.9956,14220234,0.0000
2020-06-05,73.1400,77.9700,73.0200,77.4600,73.1992,10639686,0.0000
2020-05-29,72.2800,73.6400,71.3900,72.9200,68.9089,11473269,0.0000
2020-05-22,69.9000,71.3800,69.8700,70.4100,66.5370,10592445,0.0000
2020-05-15,69.4000,70.3100,66.1600,68.1900,64.4391,12887414,0.0000
2020-05-08,67.0600,69.9900,66.7800,69.9200,66.0739,8840881,0.0000
2020-05-01,67.8900,70.6600,67.1900,67.5100,63.7965,11869202,0.0000
2020-04-24,67.1500,68.1100,65.0200,67.3000,63.5980,15272958,0.0000
2020-04-17,66.7400,68.2500,65.4200,68.1100,64.3635,10964882,0.0000
2020-04-09,62.5400,67.4200,62.2900,66.8800,63.2011,13060903,0.0000
2020-04-03,62.1900,63.8000,59.6300,60.1900,56.8791,17341348,0.0000
2020-03-27,55.6300,64.1000,53.7000,61.7700,58.3722,25103254,0.2205
2020-03-20,58.0000,61.0400,54.7200,56.0300,52.7345,29639204,0.0000
2020-03-13,68.5000,70.8300,60.3900,65.2000,61.3652,32888998,0.0000
2020-03-06,74.0600,77.1800,72.2200,73.5000,69.1770,20669361,0.0000
2020-02-28,79.1200,79.7000,71.4900,73.9700,69.6194,21083293,0.0000
2020-02-21,82.5600,83.1300,81.7100,81.8800,77.0641,5083968,0.0000
2020-02-14,81.6800,83.2300,81.6000,82.9300,78.0524,6260806,0.0000
2020-02-07,80.0000,82.5700,80.0000,81.8200,77.0077,12251733,0.0000
2020-01-31,80.3600,81.4800,79.4100,79.7300,75.0406,9832074,0.0000
2020-01-24,82.6100,83.0300,81.6300,81.9200,77.1018,7822976,0.0000
2020-01-17,81.8400,83.0800,81.7000,83.0800,78.1936,11353595,0.0000
2020-01-10,80.6700,82.0400,80.6600,81.6800,76.8759,12230084,0.0000
2020-01-03,81.3100,81.8100,80.6100,81.0700,76.3018,5332770,0.0000
2019-12-27,80.8100,81.4100,80.6500,81.2100,76.4335,6599058,0.6110
2019-12-20,80.7800,81.3700,80.6800,81.2700,75.9157,11310977,0.0000
2019-12-13,79.1700,80.5900,78.7600,80.1400,74.8602,9307199,0.0000
2019-12-06,78.9000,79.3500,77.3100,79.2700,74.0475,8608471,0.0000
2019-11-29,78.6900,79.3900,78.6300,78.8800,73.6832,7444717,0.0000
2019-11-22,78.5900,78.9200,77.9600,78.3800,73.2161,7143864,0.0000
2019-11-15,77.9200,78.6400,77.6500,78.6400,73.4590,4961099,0.0000
2019-11-08,78.1900,78.5400,77.8200,78.3500,73.1881,5972957,0.0000
2019-11-01,76.8400,77.6800,76.5200,77.6700,72.5529,6963355,0.0000
2019-10-25,75.9900,76.6200,75.7800,76.5600,71.5160,5560365,0.0000
2019-10-18,74.8700,76.0600,74.7800,75.5700,70.5913,6822236,0.0000
2019-10-11,74.0000,75.5300,72.9000,75.0400,70.0962,14283824,0.0000
2019-10-04,74.6100,75.0000,72.2500,74.1400,69.2555,13735671,0.0000
2019-09-27,75.5900,75.8800,74.2300,74.5500,69.6385,12922726,0.4348
2019-09-20,75.8300,76.4000,75.3600,75.7800,70.3785,8658541,0.0000
2019-09-13,75.2800,76.4400,74.6600,76.1700,70.7407,5354465,0.0000
2019-09-06,73.0600,75.2000,72.8200,75.0600,69.7098,4795839,0.0000
2019-08-30,72.4300,73.8700,71.9300,73.5800,68.3353,8405481,0.0000
2019-08-23,73.4200,73.6500,71.6200,71.8000,66.6822,7223292,0.0000
2019-08-16,73.0000,73.8700,71.1900,72.6300,67.4530,8182779,0.0000
2019-08-09,72.7600,73.9700,71.3100,73.3800,68.1496,15865203,0.0000
2019-08-02,76.4000,76.4500,73.5100,73.8700,68.6046,11791648,0.0000
2019-07-26,75.8000,76.5400,75.6600,76.3600,70.9171,8859445,0.0000
2019-07-19,76.3900,76.4000,75.4600,75.7100,70.3135,6436988,0.0000
2019-07-12,75.7200,76.3000,75.2600,76.3000,70.8614,5299118,0.0000
2019-07-05,76.0200,76.4300,75.5400,76.1100,70.6850,5548456,0.0000
2019-06-28,75.1600,75.2800,74.4100,75.1600,69.8027,8807345,0.0000
2019-06-21,73.4000,75.5650,73.3400,75.1300,69.7748,8653370,0.5508
2019-06-14,74.2200,74.8500,73.7900,73.8700,68.0938,5395714,0.0000
2019-06-07,71.3400,74.1300,71.0100,73.8500,68.0754,16689145,0.0000
2019-05-31,72.6600,72.8900,70.9200,71.1900,65.6234,16680182,0.0000
2019-05-24,72.8000,73.4200,71.8800,72.5600,66.8862,6399221,0.0000
2019-05-17,72.5700,74.0800,71.8900,73.1500,67.4301,9437695,0.0000
2019-05-10,74.4900,75.3700,72.7400,73.9700,68.1860,14765021,0.0000
2019-05-03,75.5800,75.9900,74.7500,75.8300,69.9005,7102160,0.0000
2019-04-26,75.0100,75.6700,74.8300,75.5400,69.6332,5432079,0.0000
2019-04-18,75.2100,75.5800,74.9000,75.2300,69.3474,7156226,0.0000
2019-04-12,74.7600,75.2800,74.4100,75.2100,69.3290,10182208,0.0000
2019-04-05,73.7600,74.8400,73.7600,74.8100,68.9603,10536055,0.0000
2019-03-29,72.3700,73.2100,72.0800,73.1700,67.4485,15483255,0.2810
2019-03-22,73.7000,74.3100,72.6900,72.7200,66.7746,14472342,0.0000
2019-03-15,71.7700,73.6600,71.7500,73.5700,67.5551,17225843,0.0000
2019-03-08,73.3500,73.3600,71.0800,71.5300,65.6819,15289578,0.0000
2019-03-01,73.1800,73.3153,72.5600,73.0500,67.0776,21715736,0.0000
2019-02-22,71.9000,72.8300,71.8800,72.7400,66.7930,14602653,0.0000
2019-02-15,70.5700,72.1000,70.2900,72.1000,66.2053,6524220,0.0000
2019-02-08,70.6400,71.5900,69.8900,70.4400,64.6810,10862989,0.0000
2019-02-01,69.1700,70.8900,68.8900,70.7000,64.9198,16047386,0.0000
2019-01-25,69.1400,69.9400,68.3600,69.7700,64.0658,10781089,0.0000
2019-01-18,67.5900,69.8400,67.5000,69.6900,63.9923,17715040,0.0000
2019-01-11,66.4900,68.3400,66.2800,68.0800,62.5140,13924037,0.0000
2019-01-04,65.5000,66.6200,64.2000,66.4500,61.0172,15576632,0.0000
2018-12-28,63.4000,65.7000,62.1400,65.0800,59.7592,32810545,0.4890
2018-12-21,67.5100,67.7600,63.8400,64.0100,58.3192,31533158,0.0000
2018-12-14,68.2300,69.6000,67.1100,67.7300,61.7085,20596636,0.0000
2018-12-07,72.3600,72.3800,68.0150,68.3200,62.2460,12279363,0.0000
2018-11-30,69.4800,71.3100,69.2900,71.1100,64.7880,13208798,0.0000
2018-11-23,70.7000,70.7200,68.3800,68.8000,62.6833,5961277,0.0000
2018-11-16,71.2500,71.2500,69.4100,70.8500,64.5511,12413938,0.0000
2018-11-09,70.9800,72.6500,70.6900,71.4800,65.1251,14146290,0.0000
2018-11-02,69.4000,71.5700,67.4800,70.8500,64.5511,11099322,0.0000
2018-10-26,71.5500,71.6500,67.8000,68.7400,62.6287,13989064,0.0000
2018-10-19,71.3600,72.7300,70.9200,71.3000,64.9611,7302666,0.0000
2018-10-12,74.0300,74.3400,70.3000,71.5300,65.1706,17672752,0.0000
2018-10-05,76.2600,76.3200,74.0400,74.4300,67.8128,11868930,0.0000
2018-09-28,76.6200,76.7500,75.6700,75.8300,69.0883,9111024,0.3615
2018-09-21,75.7700,76.9700,75.3000,76.7800,69.6229,7148891,0.0000
2018-09-14,74.9600,75.7800,74.3600,75.6400,68.5892,6181204,0.0000
2018-09-07,75.6500,75.6700,74.4400,74.6500,67.6915,6045827,0.0000
2018-08-31,76.1600,76.8300,75.7900,76.1300,69.0335,5251510,0.0000
2018-08-24,74.9300,75.7800,74.8000,75.6900,68.6345,5740845,0.0000
2018-08-17,74.6500,74.8800,73.2900,74.7100,67.7459,15138326,0.0000
2018-08-10,75.2000,75.9300,74.5300,74.7000,67.7368,7687681,0.0000
2018-08-03,75.5600,75.6500,74.5500,75.4800,68.4441,2808315,0.0000
2018-07-27,74.8700,76.0500,74.6600,75.4500,68.4169,5218382,0.0000
2018-07-20,74.8300,75.0700,74.4300,74.8900,67.9091,5339642,0.0000
2018-07-13,74.5400,74.9900,73.9600,74.7900,67.8184,2894245,0.0000
2018-07-06,72.6500,74.2200,72.5500,74.0800,67.1746,4569454,0.0000
2018-06-29,73.8900,73.9000,72.3900,73.3700,66.5308,6224423,0.0000
2018-06-22,75.0300,75.3300,74.2200,74.3100,67.3832,9416445,0.5511
2018-06-15,76.1100,76.3600,75.2800,75.6500,68.0933,5891682,0.0000
2018-06-08,75.4300,76.2700,75.2200,76.0100,68.4173,2959738,0.0000
2018-06-01,74.2300,75.1300,73.4900,75.0800,67.5802,2986670,0.0000
2018-05-25,75.6000,75.9200,74.6600,74.9400,67.4542,3147453,0.0000
2018-05-18,75.8600,76.0600,74.8200,75.1800,67.6702,5306736,0.0000
2018-05-11,74.3400,75.8000,74.0100,75.6400,68.0843,4591926,0.0000
2018-05-04,74.4900,74.6300,72.7400,74.2200,66.8061,3833394,0.0000
2018-04-27,74.5000,74.6900,73.1100,74.4400,67.0041,3488972,0.0000
2018-04-20,74.5200,75.5500,74.2200,74.4200,66.9861,4088841,0.0000
2018-04-13,73.2700,74.6900,73.1000,74.1300,66.7251,4931573,0.0000
2018-04-06,73.3900,74.1800,71.6000,72.7100,65.4469,9112901,0.0000
2018-03-29,73.1900,74.1300,72.4300,73.6300,66.2750,5875955,0.2573
2018-03-23,75.6300,75.8000,72.2500,72.3000,64.8516,6588017,0.0000
2018-03-16,76.6200,76.9800,75.7100,75.8600,68.0449,5094950,0.0000
2018-03-09,73.8400,76.5100,73.7400,76.5000,68.6189,5052378,0.0000
2018-03-02,76.3800,76.8200,73.2200,74.3100,66.6545,8525288,0.0000
2018-02-23,75.3200,76.1500,74.9100,76.0900,68.2512,5144045,0.0000
2018-02-16,73.3000,76.3100,72.8400,75.8000,67.9910,8113668,0.0000
2018-02-09,75.9600,76.5000,70.5600,72.6100,65.1297,31366898,0.0000
2018-02-02,79.3400,79.4000,76.5500,76.5600,68.6727,9064678,0.0000
2018-01-26,78.1200,79.7400,78.1100,79.7300,71.5162,6848809,0.0000
2018-01-19,77.7800,78.1200,77.1100,78.1200,70.0720,6012679,0.0000
2018-01-12,76.2400,77.4600,76.0900,77.4400,69.4621,3983254,0.0000
2018-01-05,74.5500,76.3300,74.5100,76.3100,68.4485,3780741,0.0000
2017-12-29,74.0800,74.6600,74.0200,74.2600,66.6097,3012750,0.0000
2017-12-22,74.3900,74.7000,73.6900,74.1000,66.4662,3796716,0.4915
2017-12-15,73.6300,74.0600,73.5200,73.8700,65.8216,4225796,0.0000
2017-12-08,73.8100,73.9200,72.7200,73.4900,65.4830,5750620,0.0000
2017-12-01,73.2000,73.8300,72.6700,73.4200,65.4206,5297151,0.0000
2017-11-24,72.3000,73.2800,72.2400,73.2500,65.2691,1642252,0.0000
2017-11-17,71.8700,72.4000,71.3300,72.2000,64.3335,2881572,0.0000
2017-11-10,72.4600,72.7550,71.8500,72.2500,64.3781,4420170,0.0000
2017-11-03,72.0200,72.6400,71.8900,72.5100,64.6097,3611044,0.0000
2017-10-27,72.1400,72.1400,71.3200,72.0700,64.2177,3106335,0.0000
2017-10-20,72.0400,72.1300,71.6000,72.1200,64.2622,2716802,0.0000
2017-10-13,71.3500,72.0958,71.1600,71.9900,64.1464,2917279,0.0000
2017-10-06,70.7100,71.4500,70.6500,71.3400,63.5672,3727005,0.0000
2017-09-29,70.6800,70.7700,69.9900,70.7200,63.0148,4758242,0.3540
2017-09-22,70.7800,71.1000,70.5900,70.8400,62.8052,4485428,0.0000
2017-09-15,70.1200,70.6800,70.1200,70.6300,62.6190,4911127,0.0000
2017-09-08,69.6400,69.9300,69.0210,69.8000,61.8831,1739742,0.0000
2017-09-01,69.2300,69.9000,68.5660,69.8200,61.9009,4690887,0.0000
2017-08-25,68.4000,69.2700,68.1800,69.0500,61.2182,4098420,0.0000
2017-08-18,68.7300,69.3050,68.1600,68.3600,60.6065,3299623,0.0000
2017-08-11,69.6300,69.9100,68.2700,68.3600,60.6065,2676142,0.0000
2017-08-04,69.4100,69.6828,69.2100,69.6000,61.7058,3411353,0.0000
2017-07-28,69.1300,69.6100,68.9600,69.3100,61.4487,2708940,0.0000
2017-07-21,68.7700,69.3462,68.5555,69.1600,61.3157,2984753,0.0000
2017-07-14,67.4200,68.8900,67.2400,68.7800,60.9788,2219007,0.0000
2017-07-07,67.7700,67.8600,67.0200,67.3700,59.7287,2840100,0.0000
2017-06-30,68.4000,68.5700,67.0200,67.5300,59.8706,6702847,0.4660
2017-06-23,68.3300,68.5400,67.7900,68.0700,59.9387,3235500,0.0000
2017-06-16,67.9200,68.6200,67.5000,68.0900,59.9563,8452654,0.0000
2017-06-09,68.4800,68.4800,67.7250,68.0400,59.9123,4649748,0.0000
2017-06-02,67.5500,68.5200,67.4100,68.4800,60.2997,6906274,0.0000
2017-05-26,67.2500,67.8450,67.2300,67.6700,59.5865,3766091,0.0000
2017-05-19,67.0800,67.5082,66.1000,67.1200,59.1022,4025765,0.0000
2017-05-12,66.9200,67.0200,66.5750,66.8700,58.8821,2798051,0.0000
2017-05-05,66.4700,67.0800,66.2900,67.0800,59.0670,2427917,0.0000
2017-04-28,65.9800,66.6190,65.9100,66.2800,58.3625,5584884,0.0000
2017-04-21,64.7700,65.2100,64.4700,65.0100,57.2442,2723808,0.0000
2017-04-13,65.0100,65.1290,64.4800,64.5000,56.7952,1792141,0.0000
2017-04-07,65.2900,65.5699,64.7600,64.9700,57.2090,2927398,0.0000
2017-03-31,64.8900,65.6400,64.6375,65.2200,57.4292,4693662,0.2530
2017-03-24,65.7200,65.9600,64.7200,65.1300,57.1289,4542950,0.0000
2017-03-17,64.9900,65.8500,64.6150,65.6900,57.6201,3423170,0.0000
2017-03-10,64.8500,64.9500,64.2400,64.8800,56.9096,7880359,0.0000
2017-03-03,64.7400,65.4490,64.4350,65.0700,57.0763,8420784,0.0000
2017-02-24,64.7200,65.1900,64.4800,64.8200,56.8570,2302649,0.0000
2017-02-17,64.0400,64.7200,63.8500,64.6300,56.6904,5132128,0.0000
2017-02-10,63.1000,63.8600,62.9070,63.8200,55.9799,3282729,0.0000
2017-02-03,62.8200,63.4250,62.4700,63.3600,55.5764,8250184,0.0000
2017-01-27,62.4100,63.3918,62.1500,63.1700,55.4097,2423867,0.0000
2017-01-20,62.4700,62.5000,62.0000,62.3900,54.7255,2140993,0.0000
2017-01-13,62.2100,62.6100,62.0000,62.5900,54.9010,2271799,0.0000
2017-01-06,61.4500,62.3800,61.2400,62.2700,54.6203,2790683,0.0000
2016-12-30,61.3900,61.5100,60.8400,61.0000,53.5063,12315586,0.0000
2016-12-23,61.7700,61.9700,61.0900,61.2900,53.7607,3722560,0.4570
2016-12-16,62.0700,62.6100,61.5400,61.7000,53.7213,4689019,0.0000
2016-12-09,60.4800,62.1500,60.4000,62.1500,54.1131,4179745,0.0000
2016-12-02,60.4500,60.7100,59.9700,60.2200,52.4327,4515493,0.0000
2016-11-25,59.8900,60.5700,59.8900,60.5700,52.7374,1777137,0.0000
2016-11-18,59.4500,60.0900,59.2100,59.7100,51.9886,2358535,0.0000
2016-11-11,59.2300,60.2800,59.1600,59.4600,51.7710,3908690,0.0000
2016-11-04,59.7200,59.8500,58.3999,58.4100,50.8567,3431915,0.0000
2016-10-28,60.3800,60.4504,59.4200,59.5800,51.8754,2625499,0.0000
2016-10-21,59.6200,60.3500,59.4000,60.0900,52.3195,2355788,0.0000
2016-10-14,60.6400,60.9138,59.0800,59.6500,51.9364,3763714,0.0000
2016-10-07,60.6900,60.9800,60.1399,60.4800,52.6591,3511335,0.0000
2016-09-30,60.5100,61.0899,60.1400,60.8500,52.9812,2458645,0.0000
2016-09-23,60.0100,61.5300,59.7100,60.8200,52.9551,2649007,0.0000
2016-09-16,59.8900,60.9400,59.1900,59.6000,51.8929,3039559,0.3110
2016-09-09,61.5500,61.9900,60.1600,60.1600,52.1077,2336989,0.0000
2016-09-02,60.7700,61.5200,60.4500,61.4500,53.2251,1936504,0.0000
2016-08-26,61.1000,61.5700,60.4456,60.7000,52.5754,2280286,0.0000
2016-08-19,61.3700,61.5763,60.8073,61.2400,53.0432,2062117,0.0000
2016-08-12,60.6600,61.3600,60.6000,61.1800,52.9912,4965557,0.0000
2016-08-05,60.4100,60.5940,59.6100,60.5700,52.4628,1991607,0.0000
2016-07-29,59.9500,60.5500,59.6550,60.4800,52.3849,1719874,0.0000
2016-07-22,59.7200,60.0555,59.5200,59.9900,51.9605,3237457,0.0000
2016-07-15,58.8100,60.0600,58.8100,59.8100,51.8046,2210038,0.0000
2016-07-08,57.9100,58.5000,56.9300,58.4500,50.6266,2135831,0.0000
2016-07-01,55.8300,58.4450,54.7500,58.3350,50.5270,5047758,0.0000
2016-06-24,58.4000,59.4900,56.2550,56.3300,48.7904,5834126,0.0000
2016-06-17,58.0900,58.3700,56.3200,57.3800,49.6998,5275604,0.4660
2016-06-10,59.1400,60.0040,58.3200,58.4400,50.2074,1858650,0.0000
2016-06-03,58.8300,59.1200,58.3400,59.0700,50.7486,1640713,0.0000
2016-05-27,57.4000,58.8000,57.2300,58.6900,50.4222,1601401,0.0000
2016-05-20,57.2300,57.8910,56.6400,57.4400,49.3483,2108091,0.0000
2016-05-13,57.6000,58.2100,57.0300,57.1400,49.0905,1201211,0.0000
2016-05-06,58.4500,58.7400,57.1200,57.6000,49.4857,2274248,0.0000
2016-04-29,58.8000,59.1975,57.9799,58.2700,50.0613,1593073,0.0000
2016-04-22,58.2200,59.5600,58.1400,58.9900,50.6799,2692839,0.0000
2016-04-15,57.3700,58.5800,56.9800,58.3400,50.1215,2136654,0.0000
2016-04-08,57.6200,57.7400,56.2200,56.9400,48.9187,6951326,0.0000
2016-04-01,56.9300,57.9711,56.4100,57.5900,49.4771,8531467,0.0000
2016-03-24,57.3000,57.3900,56.1305,56.5500,48.5836,4381586,0.0000
2016-03-18,56.8500,57.4800,55.9400,57.3400,49.2624,1928305,0.2220
2016-03-11,55.8000,56.9100,55.1800,56.9100,48.7003,3476679,0.0000
2016-03-04,54.0000,56.4199,53.6250,56.2000,48.0927,3426937,0.0000
2016-02-26,53.8600,54.4500,52.4900,53.9900,46.2015,10081097,0.0000
2016-02-19,52.4300,53.9800,52.1100,53.3900,45.6881,2830486,0.0000
2016-02-12,52.1100,52.2400,50.3400,51.7100,44.2505,7424891,0.0000
2016-02-05,53.9100,54.4900,52.3600,52.6900,45.0891,6192894,0.0000
2016-01-29,53.0600,54.2400,52.4100,54.2400,46.4155,5241538,0.0000
2016-01-22,53.1600,53.3200,50.4200,53.2700,45.5854,6195662,0.0000
2016-01-15,54.2700,54.5300,51.8300,52.3500,44.7981,8307434,0.0000
2016-01-08,56.5900,56.7500,53.7800,53.8800,46.1074,7889831,0.0000
2015-12-31,58.0100,58.6100,57.6200,57.6200,49.3079,7562565,0.0000
2015-12-24,57.1400,58.3500,56.6300,58.1500,49.7614,4636660,0.3680
2015-12-18,57.0000,58.5600,56.3500,56.9000,48.3793,8153996,0.0000
2015-12-11,59.3100,59.3900,56.7130,56.8100,48.3027,6617054,0.0000
2015-12-04,59.4400,59.9330,58.3900,59.4700,50.5644,3685775,0.0000
2015-11-27,59.4600,59.6100,58.8909,59.4300,50.5304,1980066,0.0000
2015-11-20,57.7800,59.7900,57.7400,59.5500,50.6324,2700879,0.0000
2015-11-13,59.5500,59.5632,57.6744,57.7400,49.0935,2124152,0.0000
2015-11-06,59.5700,60.4600,59.3105,59.7300,50.7855,2800245,0.0000
2015-10-30,59.8500,59.9700,59.1404,59.3400,50.4539,1575242,0.0000
2015-10-23,58.8900,59.9768,58.4900,59.8800,50.9130,1846762,0.0000
2015-10-16,58.8200,59.1300,58.0100,59.1100,50.2583,1332240,0.0000
2015-10-09,56.9900,58.9600,56.9400,58.8300,50.0202,2634739,0.0000
2015-10-02,55.3100,56.4700,54.0500,56.4700,48.0136,6041477,0.0000
2015-09-25,57.3800,57.6200,55.2000,55.6100,47.2824,2826624,0.2790
2015-09-18,57.2100,59.0900,56.8100,57.1900,48.3831,1670975,0.0000
2015-09-11,56.9500,57.9994,56.6902,57.2800,48.4592,2844663,0.0000
2015-09-04,57.9400,58.0400,55.5800,55.8400,47.2410,3242018,0.0000
2015-08-28,54.7000,58.5100,53.1000,58.1000,49.1529,13812221,0.0000
2015-08-21,60.9400,61.3120,57.5000,57.5000,48.6453,2548976,0.0000
2015-08-14,61.5000,62.1100,60.2500,61.2100,51.7840,1032355,0.0000
2015-08-07,61.8500,62.0400,61.0000,61.2800,51.8432,1458695,0.0000
2015-07-31,60.9700,62.0670,60.5300,61.8300,52.3085,2026807,0.0000
2015-07-24,62.7400,62.8100,61.0200,61.1400,51.7248,2226160,0.0000
2015-07-17,62.0000,62.8100,61.9519,62.6500,53.0023,2753762,0.0000
2015-07-10,61.0900,61.7200,59.8600,61.6300,52.1393,4294154,0.0000
2015-07-02,62.1200,62.3300,61.2379,61.8600,52.3339,3556951,0.0000
2015-06-26,63.7900,64.1300,62.7800,62.9600,53.2645,1757652,0.4530
2015-06-19,62.4700,63.7190,62.2101,63.1600,53.0520,2060539,0.0000
2015-06-12,62.7100,63.5109,62.0800,62.9900,52.9092,1595588,0.0000
2015-06-05,63.6500,63.9400,62.4700,62.7000,52.6656,2019760,0.0000
2015-05-29,64.0600,64.0800,63.2200,63.3700,53.2284,1227835,0.0000
2015-05-22,64.3000,64.5900,64.1700,64.2900,54.0012,1618031,0.0000
2015-05-15,64.4000,64.4400,63.1474,64.4300,54.1188,1325410,0.0000
2015-05-08,63.8300,64.0400,62.6000,63.9600,53.7240,1632424,0.0000
2015-05-01,64.3300,64.4400,63.0000,63.7900,53.5812,1501881,0.0000
2015-04-24,63.0100,64.1400,63.0000,64.0700,53.8164,1419941,0.0000
2015-04-17,63.2400,63.8299,62.6400,62.8800,52.8168,1470643,0.0000
2015-04-10,62.0500,63.2800,62.0500,63.2800,53.1528,2147010,0.0000
2015-04-02,61.8400,62.1800,61.2300,62.0400,52.1113,1477238,0.0000
2015-03-27,63.0600,63.1700,61.0600,61.6000,51.7417,2206820,0.3140
2015-03-20,61.1300,63.0697,61.1300,62.9400,52.5995,1443642,0.0000
2015-03-13,61.6300,61.7262,60.3910,60.8900,50.8863,1529428,0.0000
2015-03-06,62.7100,62.9000,61.4200,61.5100,51.4044,1928303,0.0000
2015-02-27,62.5300,62.9000,62.3700,62.6600,52.3655,1767690,0.0000
2015-02-20,62.0500,62.7899,61.8301,62.7400,52.4323,1445961,0.0000
2015-02-13,60.5300,62.0500,60.3800,62.0500,51.8557,1316556,0.0000
2015-02-06,59.5200,61.2500,59.0900,60.6800,50.7108,2474369,0.0000
2015-01-30,60.4500,60.7189,59.1048,59.1400,49.4238,2786479,0.0000
2015-01-23,59.7500,60.7250,59.1600,60.2300,50.3347,2028082,0.0000
2015-01-16,59.5900,59.9430,58.3301,59.4400,49.6745,1910143,0.0000
2015-01-09,59.6500,59.9200,58.0100,59.4500,49.6828,2839809,0.0000
2015-01-02,60.9000,62.0000,59.7100,59.9600,50.1091,2153545,0.0000
2014-12-26,60.2500,61.1700,60.2500,61.0700,51.0367,1593756,0.3780
2014-12-19,59.2400,60.8900,58.1400,60.6900,50.4050,4654947,0.0000
2014-12-12,61.5500,61.5850,59.0500,59.0700,49.0596,2825266,0.0000
2014-12-05,61.5400,61.7699,61.1300,61.6500,51.2023,1910124,0.0000
2014-11-28,61.9000,62.1200,61.6700,61.7200,51.2605,937509,0.0000
2014-11-21,60.8800,62.0000,60.7555,61.7300,51.2688,1204993,0.0000
2014-11-14,60.7700,61.1600,60.7100,61.0600,50.7123,1528322,0.0000
2014-11-07,60.8900,60.9200,60.1601,60.7300,50.4382,2758901,0.0000
2014-10-31,59.1200,60.9900,58.8800,60.9500,50.6210,1984448,0.0000
2014-10-24,57.6000,59.3800,57.5100,59.3500,49.2921,1868205,0.0000
2014-10-17,57.9700,58.1995,55.7700,57.6000,47.8387,3360723,0.0000
2014-10-10,60.0600,60.0700,57.6600,57.6600,47.8885,2569971,0.0000
2014-10-03,60.2300,60.5650,58.7100,59.7300,49.6077,2295253,0.0000
2014-09-26,62.0500,62.0900,60.3900,60.7700,50.4715,1150420,0.2890
2014-09-19,61.9700,62.5100,61.6201,62.1000,51.3345,1918400,0.0000
2014-09-12,62.6500,62.8102,61.8200,61.9900,51.2436,1300800,0.0000
2014-09-05,62.8800,63.3500,62.5364,62.9300,52.0206,991700,0.0000
2014-08-29,62.6400,62.8700,62.4530,62.7600,51.8801,1201300,0.0000
2014-08-22,61.9300,62.4900,61.7800,62.3600,51.5495,1304000,0.0000
2014-08-15,61.0000,61.9100,60.7800,61.5500,50.8799,889400,0.0000
2014-08-08,61.1000,61.4300,60.0900,60.7100,50.1855,1459100,0.0000
2014-08-01,62.5400,62.7100,60.6300,60.9300,50.3674,1992700,0.0000
2014-07-25,62.2100,62.9100,61.9600,62.5100,51.6735,1518900,0.0000
2014-07-18,62.4800,62.6400,61.6700,62.3900,51.5743,948500,0.0000
2014-07-11,62.9100,62.9100,61.5500,62.0600,51.3015,1450400,0.0000
2014-07-03,62.1600,63.1200,62.0900,63.0900,52.1529,2062400,0.0000
2014-06-27,62.6700,62.6900,61.5900,62.1700,51.3924,1858400,0.4630
2014-06-20,62.0100,62.7800,61.8700,62.7300,51.4701,946900,0.0000
2014-06-13,62.3300,62.4900,61.7899,62.0800,50.9368,972600,0.0000
2014-06-06,61.4900,62.3700,61.2600,62.3500,51.1583,961600,0.0000
2014-05-30,61.0000,61.4700,61.0000,61.3400,50.3296,924400,0.0000
2014-05-23,60.2500,60.9500,59.8770,60.9300,49.9932,865200,0.0000
2014-05-16,60.5200,60.8000,59.8369,60.3600,49.5255,964400,0.0000
2014-05-09,60.0000,60.5300,59.7500,60.1700,49.3696,910000,0.0000
2014-05-02,59.6200,60.4500,59.1000,60.2500,49.4352,1922100,0.0000
2014-04-25,59.7300,60.1099,59.3000,59.4100,48.7460,925700,0.0000
2014-04-17,58.6800,59.7699,58.0400,59.6600,48.9511,2241500,0.0000
2014-04-11,59.6000,60.0600,58.4101,58.4900,47.9911,1366900,0.0000
2014-04-04,59.5400,60.4300,59.4800,59.5500,48.8609,1940700,0.0000
2014-03-28,59.1900,59.4226,58.5600,59.1600,48.5409,1746400,0.3340
2014-03-21,58.8600,59.5400,58.5100,58.9000,48.0550,1214900,0.0000
2014-03-14,59.8900,59.9704,58.3200,58.5200,47.7449,1522100,0.0000
2014-03-07,58.9300,60.4300,58.6380,60.0200,48.9687,2697100,0.0000
2014-02-28,59.1800,60.0300,59.1800,59.7200,48.7240,1177400,0.0000
2014-02-21,59.1600,59.3750,58.6400,59.1100,48.2263,1415700,0.0000
2014-02-14,57.6700,59.0100,57.3650,58.8900,48.0468,1526400,0.0000
2014-02-07,56.9200,57.6198,55.5300,57.5600,46.9617,2024800,0.0000
2014-01-31,57.2000,57.4460,56.4001,56.7600,46.3090,2438700,0.0000
2014-01-24,59.1400,59.3900,57.1900,57.1900,46.6598,2403800,0.0000
2014-01-17,58.8300,59.3100,58.3310,58.9400,48.0876,1497100,0.0000
2014-01-10,58.7800,59.0900,58.3500,59.0900,48.2100,1508100,0.0000
2014-01-03,59.0900,59.4381,58.3800,58.5780,47.7923,1756500,0.0000
2013-12-27,58.4800,59.1000,58.2601,59.0000,48.1365,1022200,0.0000
2013-12-20,57.2700,58.1500,56.9600,58.0100,47.3288,2527500,0.3740
2013-12-13,58.1900,58.2000,56.9000,57.0600,46.2555,1153600,0.0000
2013-12-06,58.4500,58.4500,57.2000,58.0600,47.0662,1635900,0.0000
2013-11-29,58.4400,58.7400,58.1000,58.5000,47.4229,1022300,0.0000
2013-11-22,58.5400,58.6580,57.6900,58.4400,47.3742,1168700,0.0000
2013-11-15,57.4900,58.3590,56.9500,58.3300,47.2851,889200,0.0000
2013-11-08,57.5500,57.9200,56.8700,57.4400,46.5636,1191300,0.0000
2013-11-01,58.0000,58.2599,57.2801,57.5800,46.6771,1579300,0.0000
2013-10-25,57.7500,58.3400,57.5000,58.0000,47.0175,1619500,0.0000
2013-10-18,56.0600,57.7190,56.0000,57.6700,46.7500,1658600,0.0000
2013-10-11,55.3500,56.4000,54.5500,56.4000,45.7205,1947700,0.0000
2013-10-04,55.1900,56.0400,55.1900,55.8100,45.2422,2120500,0.0000
2013-09-27,56.0100,56.2750,55.7000,55.8900,45.3071,1360600,0.2450
2013-09-20,56.0000,57.2000,55.8000,56.3700,45.4973,1060100,0.0000
2013-09-13,54.4400,55.5600,54.4300,55.4400,44.7467,938000,0.0000
2013-09-06,53.5200,54.3700,53.1900,54.1200,43.6813,1474700,0.0000
2013-08-30,54.2500,54.3000,52.7500,52.8400,42.6482,1786800,0.0000
2013-08-23,54.1900,54.2400,53.2000,54.2100,43.7539,610800,0.0000
2013-08-16,54.6500,55.1200,53.9500,54.2100,43.7539,938200,0.0000
2013-08-09,54.9800,54.9800,54.2800,54.8100,44.2382,711500,0.0000
2013-08-02,54.2700,55.0500,53.9820,55.0500,44.4319,1405800,0.0000
2013-07-26,54.4400,54.8800,53.9900,54.4400,43.9395,1296500,0.0000
2013-07-19,53.9400,54.4400,53.7100,54.3700,43.8830,859200,0.0000
2013-07-12,52.3000,53.9300,52.2000,53.7500,43.3826,920900,0.0000
2013-07-05,51.9200,52.2100,51.2701,52.1000,42.0509,1517700,0.0000
2013-06-28,50.2100,51.8600,49.7500,51.5100,41.5747,1507000,0.4390
2013-06-21,53.4700,53.8900,50.9100,51.3700,41.1018,1512500,0.0000
2013-06-14,53.8100,53.8100,52.4700,52.8800,42.3099,1106700,0.0000
2013-06-07,53.4500,53.9100,52.4200,53.5300,42.8300,1244200,0.0000
2013-05-31,54.6400,54.9699,53.3800,53.3800,42.7100,1152200,0.0000
2013-05-24,55.2800,55.9300,53.6000,54.2500,43.4061,2205600,0.0000
2013-05-17,54.5500,55.2500,54.3510,55.2500,44.2062,1143100,0.0000
2013-05-10,54.1300,54.8800,54.0500,54.5700,43.6621,1023300,0.0000
2013-05-03,53.2100,54.3099,53.1010,54.1500,43.3261,1094300,0.0000
2013-04-26,51.8500,53.2590,51.4500,52.9000,42.3259,912500,0.0000
2013-04-19,52.5000,52.5120,51.0700,51.7700,41.4218,1331100,0.0000
2013-04-12,51.7300,53.2300,51.5600,52.8400,42.2779,1020900,0.0000
2013-04-05,52.2300,52.3300,51.1100,51.6900,41.3578,1281500,0.0000
2013-03-28,52.1800,52.3400,51.5200,52.2800,41.8299,748400,0.0000
2013-03-22,52.0000,52.4300,51.5300,52.0500,41.6458,3008400,0.1640
2013-03-15,52.4600,52.7000,52.1305,52.5200,41.8899,876800,0.0000
2013-03-08,51.2100,52.4800,51.1100,52.4500,41.8341,1646500,0.0000
2013-03-01,51.6000,51.8600,50.3600,51.3700,40.9727,1573100,0.0000
2013-02-22,51.8700,52.1300,50.6960,51.4200,41.0125,982000,0.0000
2013-02-15,51.6000,51.9564,51.4000,51.5690,41.1314,1236600,0.0000
2013-02-08,51.5150,51.6400,50.9501,51.5900,41.1481,1651500,0.0000
2013-02-01,51.5000,51.9499,51.2000,51.8799,41.3793,1079700,0.0000
2013-01-25,50.9200,51.5300,50.8500,51.5300,41.1003,2028200,0.0000
2013-01-18,50.7400,51.0800,50.3800,50.9900,40.6696,1547200,0.0000
2013-01-11,50.2400,50.7900,49.8392,50.7300,40.4622,4148100,0.0000
2013-01-04,48.7800,50.5200,48.7300,50.4600,40.2468,1743400,0.0000
2012-12-28,49.2000,49.3200,48.6400,48.7800,38.9069,1453100,0.0000
2012-12-21,49.0100,50.1300,48.8000,49.1900,39.2339,2738500,0.5550
2012-12-14,48.7600,49.6200,48.7201,49.0500,38.6894,1038600,0.0000
2012-12-07,48.7900,48.8899,48.2800,48.8400,38.5238,845800,0.0000
2012-11-30,47.9400,48.5700,47.3700,48.4700,38.2319,1860200,0.0000
2012-11-23,46.9200,48.1700,46.8300,48.1700,37.9953,548400,0.0000
2012-11-16,47.2500,47.2500,45.8304,46.3300,36.5439,2127300,0.0000
2012-11-09,47.9800,48.4800,46.8300,47.0500,37.1119,995100,0.0000
2012-11-02,47.9600,48.6000,47.6180,47.9400,37.8139,722900,0.0000
2012-10-26,48.5200,48.6000,47.4100,47.7900,37.6955,634300,0.0000
2012-10-19,48.0400,49.3470,47.8800,48.3400,38.1294,660400,0.0000
2012-10-12,48.5100,48.6500,47.7300,47.8600,37.7508,589900,0.0000
2012-10-05,48.2700,49.2600,48.2000,48.8500,38.5316,1108500,0.0000
2012-09-28,48.6200,48.9600,47.7710,48.0300,37.8849,1057400,0.5840
2012-09-21,49.9000,49.9100,49.0000,49.3800,38.4880,679700,0.0000
2012-09-14,48.4500,50.3383,48.1920,49.9400,38.9244,1010100,0.0000
2012-09-07,47.1700,48.5700,46.8500,48.5600,37.8488,1501200,0.0000
2012-08-31,47.4400,47.5498,46.7300,47.1400,36.7421,504200,0.0000
2012-08-24,47.6000,48.0800,47.0100,47.3700,36.9213,561800,0.0000
2012-08-17,47.2000,47.7500,46.9002,47.7020,37.1801,617700,0.0000
2012-08-10,46.7000,47.3100,46.6700,47.2500,36.8278,527400,0.0000
2012-08-03,46.1300,46.6898,45.0900,46.5400,36.2744,516000,0.0000
2012-07-27,44.5600,46.4320,43.9500,46.2800,36.0718,461400,0.0000
2012-07-20,45.1800,46.1600,44.9600,45.3900,35.3781,598300,0.0000
2012-07-13,45.2800,45.5000,44.2500,45.2600,35.2767,502100,0.0000
2012-07-06,45.7400,46.3590,45.1180,45.3900,35.3781,489300,0.0000
2012-06-29,44.0000,45.6800,43.5600,45.6700,35.5963,399100,0.0000
2012-06-22,44.4700,45.5991,44.1200,44.5700,34.7389,652400,0.0000
2012-06-15,44.3700,44.6200,43.3900,44.5800,34.7467,684300,0.0000
2012-06-08,42.6900,44.6000,42.1900,44.0100,34.3025,729600,0.0000
2012-06-01,44.1500,44.4105,42.4300,42.4500,33.0866,1145900,0.0000
2012-05-25,43.4700,44.4891,43.1000,43.6800,34.0453,658300,0.0000
2012-05-18,45.2000,45.3080,43.2300,43.3200,33.7647,1012300,0.0000
2012-05-11,46.4300,46.8100,45.3800,45.7800,35.6820,1148300,0.0000
2012-05-04,47.8000,48.2000,46.5000,46.5200,36.2588,1089800,0.0000
2012-04-27,46.6600,48.0271,46.2600,47.9000,37.3344,1761500,0.0000
2012-04-20,47.0200,47.6000,46.6000,47.2100,36.7966,467500,0.0000
2012-04-13,46.9900,47.5000,46.0200,46.6800,36.3835,1261100,0.0000
2012-04-05,48.2300,48.9692,47.3400,47.4700,36.9993,660000,0.0000
2012-03-30,48.4200,48.8300,47.5520,48.2700,37.6228,1273800,0.0000
2012-03-23,48.5800,48.9600,47.6100,48.1000,37.4903,851300,0.0000
2012-03-16,47.5700,48.7500,47.3775,48.6300,37.9034,941100,0.0000
2012-03-09,47.6900,47.8000,46.2000,47.6000,37.1006,1909800,0.0000
2012-03-02,47.4300,48.3200,47.2560,47.8200,37.2721,1374200,0.0000
2012-02-24,47.6700,47.9863,47.1600,47.8700,37.3110,476900,0.0000
2012-02-17,47.1400,47.6300,46.5500,47.5490,37.0608,403100,0.0000
2012-02-10,46.7100,47.3200,46.4650,46.6500,36.3601,546600,0.0000
2012-02-03,45.2600,47.0400,45.0420,47.0000,36.6329,1167000,0.0000
2012-01-27,45.5100,46.2100,44.9500,45.7200,35.6353,1104700,0.0000
2012-01-20,44.4200,45.4000,44.2101,45.4000,35.3859,871700,0.0000
2012-01-13,43.6100,44.3895,43.3100,43.9400,34.2479,715700,0.0000
2012-01-06,44.0100,44.2400,43.3400,43.4300,33.8504,520500,0.0000
2011-12-30,43.1800,43.3600,42.5000,43.1800,33.6555,1181800,0.0000
2011-12-23,42.9100,43.7600,42.1100,43.2900,33.7413,1504300,1.0180
2011-12-16,43.9100,44.0800,42.4010,42.8200,32.5949,1476300,0.0000
2011-12-09,45.1300,45.3300,43.7000,44.6200,33.9651,752400,0.0000
2011-12-02,42.5600,45.0700,42.2000,44.4450,33.8319,891800,0.0000
2011-11-25,42.5400,42.5600,40.7500,41.0180,31.2232,648700,0.0000
2011-11-18,45.0400,45.0700,42.9700,43.3100,32.9679,948700,0.0000
2011-11-11,45.2300,46.0900,43.8000,45.3300,34.5056,688800,0.0000
2011-11-04,46.0900,46.1600,43.5310,45.2400,34.4371,678400,0.0000
2011-10-28,44.7600,47.4900,44.2000,46.9600,35.7463,931700,0.0000
2011-10-21,44.2600,44.6200,42.9900,44.6200,33.9651,523000,0.0000
2011-10-14,42.6300,44.5300,42.6300,44.5300,33.8966,1591800,0.0000
2011-10-07,40.5000,42.4500,38.6700,41.8000,31.8185,1134300,0.0000
2011-09-30,40.8000,42.9900,40.2025,40.6500,30.9431,921900,0.0000
2011-09-23,43.0900,43.9300,39.7200,40.6325,30.9298,2588400,0.0000
2011-09-16,42.0900,44.3500,41.5200,44.2000,33.6454,1572300,0.0000
2011-09-09,42.3900,44.5200,42.1000,42.5400,32.3818,439000,0.0000
2011-09-02,44.4600,45.9900,43.9600,44.1100,33.5769,652400,0.0000
2011-08-26,43.4400,44.2790,42.4300,43.8700,33.3942,941500,0.0000
2011-08-19,44.7600,45.6224,42.3400,42.4300,32.2981,975900,0.0000
2011-08-12,43.5200,44.6600,41.6900,44.3720,33.7763,1767600,0.0000
2011-08-05,49.8700,49.8700,43.7300,45.0600,34.3000,1558900,0.0000
2011-07-29,50.1600,50.5720,48.7100,49.0900,37.3677,598900,0.0000
2011-07-22,48.9700,50.7100,48.3480,50.6600,38.5628,389500,0.0000
2011-07-15,49.6700,49.9200,48.9000,49.3400,37.5580,329200,0.0000
2011-07-08,50.6800,51.0200,50.0900,50.4700,38.4182,784800,0.0000
2011-07-01,47.9100,50.8500,47.8000,50.7400,38.6237,587800,0.0000
2011-06-24,47.8900,49.1000,47.5200,47.9020,36.4634,548100,0.0000
2011-06-17,48.5900,49.2310,47.3900,48.0700,36.5913,652700,0.0000
2011-06-10,49.5000,49.6599,48.1201,48.3300,36.7892,332400,0.0000
2011-06-03,50.8600,50.8700,49.2900,49.6800,37.8168,333900,0.0000
2011-05-27,49.0800,50.2400,48.7801,50.1300,38.1594,326300,0.0000
2011-05-20,49.8900,50.4500,49.3000,49.8600,37.9538,252300,0.0000
2011-05-13,50.5600,51.3610,49.6200,49.8700,37.9615,469800,0.0000
2011-05-06,52.2500,52.3512,50.0220,50.5000,38.4410,503100,0.0000
2011-04-29,51.0800,52.1300,50.6600,52.0300,39.6057,457500,0.0000
2011-04-21,49.3400,51.0800,48.7500,50.9600,38.7912,377900,0.0000
2011-04-15,50.6100,50.6981,49.5872,50.0900,38.1289,305400,0.0000
2011-04-08,50.3300,50.9200,50.1200,50.4800,38.4258,404300,0.0000
2011-04-01,49.2200,50.4300,48.8400,50.2700,38.2659,417300,0.0000
2011-03-25,48.6500,49.4800,48.2200,49.2200,37.4667,559500,0.0000
2011-03-18,48.1500,48.3500,45.9600,47.7600,36.3553,978900,0.0000
2011-03-11,50.0000,50.1300,48.3100,48.7500,37.1089,387400,0.0000
2011-03-04,49.9400,50.2700,49.2200,49.8600,37.9538,475600,0.0000
2011-02-25,49.7200,49.8000,48.5501,49.4900,37.6722,420300,0.0000
2011-02-18,49.4900,50.3600,49.4000,50.3200,38.3040,363400,0.0000
2011-02-11,49.4200,49.8000,48.8700,49.4980,37.6783,308700,0.0000
2011-02-04,48.2400,49.4643,48.2200,49.4200,37.6189,402000,0.0000
2011-01-28,48.4700,49.1448,47.9700,48.0224,36.5550,693600,0.0000
2011-01-21,48.9900,49.1400,47.9550,48.4600,36.8882,356500,0.0000
2011-01-14,47.4600,48.8800,47.1500,48.8800,37.2079,365900,0.0000
2011-01-07,48.2000,48.4296,47.3799,47.6700,36.2868,980900,0.0000
2010-12-31,47.3000,47.8600,47.1100,47.8000,36.3858,441800,0.0000
2010-12-23,48.0200,48.2800,47.2500,47.3600,36.0508,357300,0.9180
2010-12-17,48.2200,48.3000,47.5000,47.7700,35.6728,640200,0.0000
2010-12-10,47.3300,48.0000,47.1100,47.7300,35.6429,633300,0.0000
2010-12-03,45.5400,47.5231,45.0300,47.5000,35.4711,521500,0.0000
2010-11-26,46.6400,46.9100,45.6000,45.9300,34.2987,260900,0.0000
2010-11-19,47.0800,47.2720,45.6800,47.0200,35.1127,470300,0.0000
2010-11-12,48.0000,48.3600,46.6900,46.9400,35.0530,433500,0.0000
2010-11-05,46.5500,48.3500,46.1900,48.2600,36.0387,579200,0.0000
2010-10-29,46.8400,47.0300,45.7000,46.4900,34.7169,510400,0.0000
2010-10-22,46.4900,46.8100,45.4700,46.4800,34.7094,431200,0.0000
2010-10-15,46.1800,46.8000,45.5200,46.5600,34.7692,488100,0.0000
2010-10-08,44.9500,46.1899,44.5200,46.0600,34.3958,340300,0.0000
2010-10-01,44.8300,45.3300,44.3440,45.1600,33.7237,558700,0.0000
2010-09-24,43.8100,44.8400,43.6800,44.8400,33.4848,483900,0.0000
2010-09-17,43.5400,44.0281,43.4500,43.6700,32.6110,420600,0.0000
2010-09-10,42.5400,43.1500,42.2409,43.0600,32.1555,212300,0.0000
2010-09-03,41.0000,42.8100,40.4700,42.7600,31.9315,345300,0.0000
2010-08-27,41.4600,41.6701,40.0800,41.2600,30.8114,404100,0.0000
2010-08-20,41.4600,42.4500,41.0540,41.3700,30.8935,279600,0.0000
2010-08-13,43.5200,43.6760,41.2200,41.4600,30.9607,271100,0.0000
2010-08-06,43.1800,43.5800,42.8901,43.3900,32.4020,384200,0.0000
2010-07-30,42.0600,42.8891,41.8800,42.3900,31.6552,378700,0.0000
2010-07-23,40.9200,42.1975,40.2000,42.1600,31.4834,413800,0.0000
2010-07-16,40.9300,41.8300,40.4700,40.5100,30.2513,368800,0.0000
2010-07-09,39.7100,41.1715,39.0595,41.1715,30.7453,358100,0.0000
2010-07-02,40.6200,40.7750,38.3100,38.8800,29.0341,438100,0.0000
2010-06-25,42.2000,42.3419,40.1776,40.6300,30.3409,289500,0.0000
2010-06-18,40.8100,41.7300,40.4300,41.6100,31.0727,409500,0.0000
2010-06-11,39.2800,40.4500,38.4420,40.4500,30.2065,397800,0.0000
2010-06-04,39.5900,40.8000,38.9000,39.0700,29.1759,361300,0.0000
2010-05-28,39.8400,40.7000,37.9300,39.9400,29.8256,588200,0.0000
2010-05-21,41.6500,42.1128,38.5000,40.0000,29.8704,1103200,0.0000
2010-05-14,42.6900,43.6700,41.2500,41.5700,31.0429,847800,0.0000
2010-05-07,44.5000,44.8600,39.9700,40.7300,30.4156,1197500,0.0000
2010-04-30,45.5600,45.7500,43.8000,44.3199,33.0964,761300,0.0000
2010-04-23,44.7700,45.5910,44.5900,45.5900,34.0448,556600,0.0000
2010-04-16,45.5700,46.5500,44.9500,45.2300,33.7760,732500,0.0000
2010-04-09,45.2600,45.5800,44.6000,45.5800,34.0374,436900,0.0000
2010-04-01,44.4800,45.1594,44.3000,45.0700,33.6565,406800,0.0000
2010-03-26,43.4100,44.4294,43.3000,44.0400,32.8873,1249600,0.0000
2010-03-19,43.6500,44.5645,43.3400,43.8600,32.7529,342100,0.0000
2010-03-12,43.5600,44.0600,43.2000,43.8600,32.7529,2334200,0.0000
2010-03-05,41.9000,43.5200,41.8800,43.4500,32.4468,482600,0.0000
2010-02-26,42.0700,42.1810,40.7300,41.7400,31.1698,748000,0.0000
2010-02-19,41.2200,42.1000,41.0000,41.9600,31.3341,571700,0.0000
2010-02-12,39.9900,41.1300,39.7800,40.8200,30.4828,490200,0.0000
2010-02-05,41.3000,42.3700,39.2300,40.1600,29.9899,918400,0.0000
2010-01-29,42.3900,42.5681,40.7000,40.8900,30.5351,969800,0.0000
2010-01-22,44.2200,44.7000,41.8300,41.9600,31.3341,1567600,0.0000
2010-01-15,44.8500,44.9300,43.9000,44.1800,32.9919,1438700,0.0000
2010-01-08,43.7300,44.5700,43.5500,44.5700,33.2831,2463900,0.0000
2009-12-31,43.5600,44.4900,43.0300,43.0900,32.1779,434600,0.0000
2009-12-24,43.2900,43.7800,43.1100,43.3200,32.3497,393700,0.6620
2009-12-18,43.7100,43.8825,42.5500,43.0000,31.6274,1254100,0.0000
2009-12-11,43.8300,43.9600,42.6700,43.3900,31.9143,371300,0.0000
2009-12-04,43.2100,44.5100,42.6780,43.8500,32.2526,749100,0.0000
2009-11-27,43.7500,44.0500,42.0700,42.8900,31.5465,932400,0.0000
2009-11-20,43.8700,47.4300,42.7500,43.0300,31.6495,560000,0.0000
2009-11-13,43.0300,43.8806,42.7900,43.4600,31.9657,624100,0.0000
2009-11-06,41.1300,42.2500,40.6300,42.2100,31.0463,1043900,0.0000
2009-10-30,43.2700,43.5700,40.7000,40.9000,30.0828,706100,0.0000
2009-10-23,43.5300,44.0600,42.8500,43.0900,31.6936,695600,0.0000
2009-10-16,42.6400,43.7800,42.3900,43.2600,31.8186,427900,0.0000
2009-10-09,40.7300,42.7100,40.5960,42.5800,31.3185,1498000,0.0000
2009-10-02,41.5600,42.3400,40.0000,40.6700,29.9136,1559200,0.0000
2009-09-25,42.0000,43.0000,41.2608,41.4500,30.4873,1163100,0.0000
2009-09-18,42.0100,43.0000,41.0800,42.4600,31.2302,503400,0.0000
2009-09-11,40.8700,41.7700,40.5000,41.4800,30.5094,360300,0.0000
2009-09-04,40.5700,40.5700,38.7300,40.0000,29.4208,734800,0.0000
2009-08-28,40.1700,40.8000,39.6500,40.2600,29.6121,1707200,0.0000
2009-08-21,38.3900,40.2390,37.8200,40.1200,29.5091,459900,0.0000
2009-08-14,39.5200,40.0200,38.6400,39.3600,28.9501,511200,0.0000
2009-08-07,39.5600,39.8000,39.0000,39.5200,29.0678,511800,0.0000
2009-07-31,38.2500,39.0700,37.5980,38.8300,28.5603,268900,0.0000
2009-07-24,37.0200,38.2500,36.7800,38.2000,28.0969,1399200,0.0000
2009-07-17,34.2000,36.5446,33.7200,36.4700,26.8244,817400,0.0000
2009-07-10,34.3700,34.8300,33.4400,34.1300,25.1033,448800,0.0000
2009-07-02,35.7800,36.1000,34.8254,34.8300,25.6182,311900,0.0000
2009-06-26,35.1100,36.5900,34.1200,35.5700,26.1625,214600,0.0000
2009-06-19,36.6400,36.6400,34.6400,35.2000,25.8903,496300,0.0000
2009-06-12,35.9600,37.2500,35.5200,36.7700,27.0451,338900,0.0000
2009-06-05,35.9600,37.1800,35.7401,36.2800,26.6847,356000,0.0000
2009-05-29,34.3800,35.8800,33.8900,35.8800,26.3905,202900,0.0000
2009-05-22,34.1800,35.6290,33.9100,34.7000,25.5226,965200,0.0000
2009-05-15,35.6900,35.6900,33.2600,33.4800,24.6252,259800,0.0000
2009-05-08,33.6800,35.3500,33.1500,35.2400,25.9198,632200,0.0000
2009-05-01,31.4900,32.9890,30.8500,32.8200,24.1398,380700,0.0000
2009-04-24,32.2000,32.2700,30.0500,31.9500,23.4999,451900,0.0000
2009-04-17,31.5000,32.1700,30.8400,31.9100,23.4705,424200,0.0000
2009-04-09,31.2000,31.4800,29.8300,31.4600,23.1395,283400,0.0000
2009-04-03,28.7800,31.3400,27.5000,30.9500,22.7644,755800,0.0000
2009-03-27,28.8100,30.4524,28.8100,29.5800,21.7567,886300,0.0000
2009-03-20,28.0300,29.7200,27.0000,28.1900,20.7343,505000,0.0000
2009-03-13,24.7700,28.0000,24.4000,28.0000,20.5946,515900,0.0000
2009-03-06,26.2300,26.4200,24.3600,24.9300,18.3365,499400,0.0000
2009-02-27,27.6500,27.7400,26.3000,26.6000,19.5649,782800,0.0000
2009-02-20,28.6600,28.6800,26.9200,27.0000,19.8591,640800,0.0000
2009-02-13,31.4700,31.4900,29.0000,29.6900,21.8376,284600,0.0000
2009-02-06,29.0000,31.2080,28.8900,31.2000,22.9483,367200,0.0000
2009-01-30,29.5200,31.3000,29.3000,29.4000,21.6243,500600,0.0000
2009-01-23,31.9900,31.9900,28.3700,29.4600,21.6684,480800,0.0000
2009-01-16,32.3000,32.3000,29.3000,30.7300,22.6026,600000,0.0000
2009-01-09,34.7500,34.7500,32.1900,32.1920,23.6779,744100,0.0000
2009-01-02,31.5500,33.9700,31.3600,33.8700,24.9121,1001000,0.0000
2008-12-26,33.6500,33.6500,30.9100,31.7500,23.3528,1001200,0.2030
2008-12-19,32.5100,34.6600,31.1700,32.1200,23.4736,1110300,0.0000
2008-12-12,31.8400,32.5600,30.8000,31.9500,23.3493,1295500,0.0000
2008-12-05,30.9200,30.9200,28.7500,30.6900,22.4285,1019700,0.0000
2008-11-28,29.4700,31.6300,29.0000,31.4900,23.0132,549100,0.0000
2008-11-21,31.2000,31.5000,26.6000,28.7100,20.9815,1064400,0.0000
2008-11-14,34.2800,34.2800,29.3296,30.5700,22.3408,673900,0.0000
2008-11-07,34.6500,35.9900,31.7230,33.3172,24.3485,681300,0.0000
2008-10-31,29.8700,34.5500,29.3000,33.7899,24.6939,434200,0.0000
2008-10-24,34.2000,36.2000,29.0000,31.1699,22.7792,773500,0.0000
2008-10-17,38.2500,39.4700,31.0000,33.8300,24.7232,1025900,0.0000
2008-10-10,39.6000,39.6000,30.8700,32.7800,23.9559,993200,0.0000
2008-10-03,44.6500,46.0000,39.7500,39.7500,29.0496,552800,0.0000
2008-09-26,46.4000,47.0000,43.3500,45.2700,33.0837,347600,0.0000
2008-09-19,44.4000,46.4100,35.8500,46.4100,33.9168,577600,0.0000
2008-09-12,46.7000,46.7000,43.6160,45.1200,32.9741,238200,0.0000
2008-09-05,47.3200,47.6900,43.6800,44.1700,32.2798,249300,0.0000
2008-08-29,46.2000,48.1300,46.1900,47.3200,34.5818,168700,0.0000
2008-08-22,47.9500,47.9500,46.2000,47.3310,34.5899,112300,0.0000
2008-08-15,48.4500,48.6400,46.1400,47.4900,34.7061,222000,0.0000
2008-08-08,47.2500,48.9300,47.0730,48.2300,35.2469,170400,0.0000
2008-08-01,48.1500,50.0200,46.0100,47.9300,35.0276,186200,0.0000
2008-07-25,48.8900,49.4700,47.9200,48.2100,35.2323,143600,0.0000
2008-07-18,48.8000,48.8000,46.3399,48.2760,35.2805,130700,0.0000
2008-07-11,48.7000,49.3900,47.1701,47.6500,34.8230,182000,0.0000
2008-07-03,49.5000,51.7200,47.7400,48.5100,35.4515,171300,0.0000
